_id,title,location,responsibilities,qualifications,pluses
5b83c941dcbaa968ff0caf29,系统工程师,上海,"['1、参与系统运维的资产管理、系统维护和相关文档维护；', '2、参与维护系统运维基础网络服务的日常维护，如DNS、虚拟化环境和存储等服务；', '3、协助完成常规资源交付任务；', '4、负责日常系统故障排除和相关业务、技术部门的问题处理和管理。']","['1、熟悉Linux基本原理和常用命令行操作，内核、内存管理、文件系统等等；', '2、熟悉Linux常见核心网络服务的工作原理，如：LDAP、Samba、DNS和HTTP、SSL等；', '3、熟悉Shell脚本，了解自动化部署工具，能完成简单的自动化工作任务；', '4、良好的沟通能力和学习能力，工作主动积极。']",
5b83c941dcbaa968ff0caf2a,运维开发工程师,上海,"['1、负责基础平台的设计与开发，包括如下方向：集群调度系统，PaaS平台，机器学习平台，统一认证服务等；', '2、负责基础组件的设计与开发，包括如下方向：监控平台，持续交付平台，缓存服务等；', '3、负责业界前沿技术的探索调研与技术落地。\u2028\u2028']","['1、2019年毕业，计算机相关专业本科以上学历；', '2、热爱互联网产品与技术，对后台技术，分布式系统，云计算等方面有浓厚的兴趣；', '3、熟练掌握操作系统原理与网络原理等基础知识，具备扎实的计算机理论基础；', '4、熟练掌握数据结构和算法设计，熟练掌握至少一种主流编程语言；', '5、优秀的分析问题和解决问题的能力，敢于解决有挑战的技术问题；', '6、强烈的上进心和责任心，具备良好的沟通能力和团队协作精神；', '7、参加计算机领域相关大赛并获得奖励优先、开源社区活跃者优先；', '8、具备云计算领域、分布式系统相关项目经验优先。']",
5b83c941dcbaa968ff0caf2b,安全工程师,上海,"['1、参与公司安全体系的建设提升和改进；', '2、参与公司安全平台的产品开发建设和完善；', '3、参与公司内外系统安全性测试及系统上线前的安全评估；', '4、跟进业内最新的安全漏洞和技术，制定漏洞预警和解决方案。\u2028\u2028']","['1、熟悉\xa0HTTP\xa0协议、渗透测试、常见安全工具的原理；', '2、熟练掌握\xa0Web\xa0安全漏洞原理、利用和解决方法\xa0；3、熟练使用\xa0php/python/java/golang\xa0中的至少一种语言；', '4、熟练使用\xa0Linux\xa0和\xa0Shell\xa0脚本语言；', '5、持续关注并跟踪国内外安全相关技术；', '6、具有良好的沟通能力、具备能够独立的开展工作的能力；', '7、有\xa0CVE\xa0、获得\xa0CTF\xa0比赛奖项、大型企业致谢优先；', '8、有在国内外安全站点发表作品优先。\u2028']",
5b83c941dcbaa968ff0caf2c,前端开发工程师,上海,"['1、参与哔哩哔哩各产品线web前端研发工作；', '2、优化产品交互逻辑，提升产品易用性；', '3、参与前瞻性技术的研究，为持续性的产品创新做准备。']","['1、精通HTML、CSS及JavaScript等Web前端技术；', '2、具备跨浏览器、跨终端的前端开发经验；', '3、了解至少一种Server端语言（Node.JS/PHP/Python/Java等）；', '4、熟悉一种使用较广泛的前端框架；', '5、具备扎实的计算机基础，对数据结构和算法设计较为深刻的理解；', '6、学习能力强，具有良好的沟通能力和良好的团队合作精神。']",
5b83c941dcbaa968ff0caf2d,移动端开发工程师,上海,"['1、参与移动端产品的开发工作，推动产品迭代优化；', '2、优化客户端架构，提高稳定性，保证产品体验稳定流畅；', '3、参与前瞻性技术的研究，为持续性的产品创新做准备。']","['1、精通一门常用编程语言(C/C++/Java/Objective C) ；', '2、熟悉android或iOS系统开发，具有相关经验；', '3、具备扎实的计算机基础，对数据结构和算法设计较为深刻的理解；', '4、学习能力强，具有良好的沟通能力和良好的团队合作精神，逻辑思维能力强。']",
5b83c941dcbaa968ff0caf2e,策略/算法,上海,"['1、参与推荐、搜索、广告等业务的策略优化工作；', '2、实现大规模机器学习、数据挖掘的核心算法，并将其应用在相应的产品线上；', '3、研究哔哩哔哩产品及用户行为数据，设计对应的优化策略；', '4、参与前瞻性技术的研究，研究并应用前沿技术 。']","['1、具有以下一个或多个领域的理论背景和实践经验：机器学习/数据挖掘/深度学习/信息检索/自然语言处理/机制设计/博弈论；', '2、至少精通一门编程语言，熟悉网络编程、多线程、分布式编程技术，对数据结构和算法设计有较为深刻的理解；', '3、良好的逻辑思维能力，对数据敏感，能够发现关键数据、抓住核心问题；', '4、学习能力强，具有良好的沟通能力和良好的团队合作精神。']",
5b83c941dcbaa968ff0caf2f,后端开发工程师,上海,"['1、参与核心产品和核心功能的开发工作，推动产品迭代优化；', '2、提升后端系统稳定性，保证产品体验稳定流畅；', '3、应对大数据量、大访问量的技术挑战，设计核心算法和优化方案；', '4、参与前瞻性技术的研究，为持续性的产品创新做准备。']","['1、精通至少一门后端编程语言；', '2、熟悉网络编程、多线程、分布式编程技术，对数据结构和算法设计有较为深刻的理解；', '3、了解unix、linux，Windows等主流操作系统原理，熟练运用系统层支持应用开发；', '4、学习能力强，具有良好的沟通能力和良好的团队合作精神，逻辑思维能力强。']",
_id,title,location,responsibilities,qualifications,pluses,url,postDate
5b854489dcbaa950ee38c72e,研发工程师_客户端方向（成都）,成都,"['1. 负责新浪移动及微博客户端的功能设计和开发； ', '2. 负责维护客户端，分析和解决用户碰到的各种疑难杂症 ', '3. 负责客户端的性能优化以及各种实用工具的开发']","['1. 熟悉Android/iOS开发，热爱编程（包含在校项目） ', '2. 熟悉常用网络协议包括tcp、http等 ', '3. 具备一定的产品意识，对社交网络产品有一定的理解 ', '4. 具备扎实的理论基础，熟悉常用的数据结构，算法以及数据库技术 ', '5. 具备一定的沟通能力，能够清晰地表达自己的想法']",[],http://sina.gllue.me/portal/campusposition/detail?id=450,2018-08-06
5b85448cdcbaa950ee38c72f,研发工程师_PHP方向（成都）,成都,"['1. 负责新浪或微博产品功能开发', '2. 负责高并发技术架构设计、开发、优化', '3. 负责海量数据存储设计、开发、优化']","['1. 热爱互联网，对互联网产品和技术有浓厚的兴趣，热衷于追求技术极致与创新', '2. 深刻理解计算机数据结构和算法设计，精通C/C++、PHP中至少一门编程语言', '3. 了解unix、linux等主流操作系统原理，熟练运用系统层支持应用开发', '4. 优秀的分析问题和解决问题的能力，勇于解决难题；', '5. 强烈的上进心和求知欲，较强的学习能力和沟通能力，具备良好的团队合作精神 ']","['1. 计算机领域相关的编程大赛获奖、专业期刊发表文章或者有发明专利等', '2. 有一定项目经验，熟悉软件工程开发流程']",http://sina.gllue.me/portal/campusposition/detail?id=449,2018-08-06
5b85448fdcbaa950ee38c730,Linux系统工程师,北京,"['1. 负责新浪底层核心平台和基础架构的部署、管理和迭代升级 ，如：CDN/基础网络/SDN/安全/DNS/负载均衡/监控系统/数据库/大数据分析平台/动态应用平台/混合云管理平台等', '2. 负责新浪各产品线核心系统的运维、管理和日常响应工作，以及重大/热点事件的保障工作，支撑各产品的快速增长', '3. 对系统的交付效率、海量用户访问下的性能/可靠性 进行持续优化，并承担部分开发工作', '4. 针对运维领域的相关新技术进行研究，并承担部分开发工作，如：devops 、AI OPS']","['1. 计算机科学技术、网络工程、软件工程、物联网、电子技术、自动化、电子商务、应用数学等理工类相关专业为佳', '2. 熟悉Linux系统常见操作，熟悉TCP/IP、数据库、操作系统等基本原理', '3. 熟练掌握 c/c++/java/php/python/go/javascript/shell/ruby中任意一门编程语言，有相关项目研发经验者优先', '4. 有较强的学习能力、团队合作精神，善于沟通', '5. 对互联网架构或常见服务器端软件有一定部署和使用经验者优先，如：nginx/MySQL/Redis/Memcache/LVS/Linux内核等', '6. 对Linux系统管理相关技术熟悉者优先，如：docker/openstack/puppet/zabbix/open-falcon 等', '7. 有主流云计算平台使用和熟悉者优先']",[],http://sina.gllue.me/portal/campusposition/detail?id=447,2018-08-06
5b854492dcbaa950ee38c731,算法工程师,北京,"['1. 负责微博/新浪相关推荐、广告、搜索、信用风险、金融工程、量化分析等系统算法模型设计', '2. 研究机器学习和数据挖掘前沿技术，并用于实际问题的解决和优化', '3. 研究推荐和排序前沿算法，并用于相关产品效果优化', '4. 通过海量数据分析，挖掘产品潜在价值，进而提供更有价值的产品和服务，数据推动产品增长']","['1. 计算机相关专业本科以上学历，硕士、博士优先', '2. 扎实的编码能力，熟悉至少一种脚本语言', '3. 具有机器学习、自然语言处理、数据挖掘、统计数学、信息检索等一个或多个领域的研究背景，具备相关实践经验者优先', '4. 思路清晰，具备良好的沟通和逻辑表达能力', '5. 熟悉Linux、MapReduce、Spark、SQL，或者多门脚本语言者优先']",[],http://sina.gllue.me/portal/campusposition/detail?id=421,2018-08-03
5b854495dcbaa950ee38c732,安全研发工程师,北京,"['1. 参与公司内部网络安全、主机安全等安全产品的设计与开发', '2. 利用海量数据进行分析、挖掘方法来发现安全事件并及时处理', '3. 追踪国内外最新安全产品和安全管理动向，加强公司安全建设']","['1. 熟练使用python或Golang，有安全专业背景优先', '2. 计算机、数学或统计学专业本科及以上学历', '3. 熟悉Linux系统及常用软件，熟悉常见网络协议，并了解常见的渗透测试方法', '4. 理解并擅长聚类和分类技术，有风控、用户体系、推荐系统经验等优先', '5. 对数据敏感、能够洞察数据价值，逻辑分析能力强', ' ']","['1. 有APT设备研发经验', '2. 有流量探针设备开发经验']",http://sina.gllue.me/portal/campusposition/detail?id=416,2018-08-03
5b854497dcbaa950ee38c733,商业数据分析,北京,"['1. 负责与销售，策划等商业合作端需求，创建需求中数据信息、定制的数据分析报告，并追踪进程数据支持满足商业端', '2. 负责销售端提出的数据支持逻辑，并针对逻辑和要求完成数据研究工作，且提升服务流程中的数据积累', '3. 负责跟进销售端数据需求，沟通，指导和辅助信息系统部门不断完善数据仓库和数据标签的构建和优化']","['1. 本科以上，统计学相关专业优先', '2. 思维敏捷、逻辑性极强，具备高度的数字敏感度和优秀的数据分析能力', '3. 有责任心，具有独立完成工作的主动性和短时间内完成挑战性工作的抗压能力', '4. 强烈的上进心和求知欲，较强的学习能力和沟通能力，具备良好的团队合作精神', '5. 有较强的沟通能力']",[],http://sina.gllue.me/portal/campusposition/detail?id=418,2018-08-03
5b85449adcbaa950ee38c734,数据分析师,北京,"['1. 负责梳理公司业务逻辑模型，管理和建设报表体系', '2. 负责项目的需求调研、数据分析、和数据挖掘模型等，通过用户行为数据进行业务分析，帮助业务快速提升', '3. 针对公司各大产品进行数据统计、报表维护与监测，保证数据的业务针对性、逻辑性、准确性及可读性', '4. 结合业务目标梳理KPI监测体系，进行重大产品数据监测与分析，为公司产品及运营优化提供建议', '5. 深入理解业务基础上，结合业务目标，构建分析模型，为公司产品数据化运营提供系统化的解决方案', '6. 整理编写数据分析报告，及时发现和分析变化和问题，规划分析思路，为业务问题原因排查及解决方案提供数据支撑']","['1. 数学、统计学、计算机相关专业优先，对数据分析有强烈兴趣者优先，本科及以上学历', '2. 有IT大数据分析实习经验，有大型互联网公司数据分析实习经验、互联网数据建模分析实习经验者优先', '3. 有一线产品或运营业务优化经验者优先', '4. 熟练使用Excel、PPT、数据分析软件R/python、SQL，有较好的文字、数据、图表呈现能力', '5. 能快速理解业务，发掘业务细节和数据之间的联系', '6. 熟悉互联网行业，对行业有比较好的认知和思路，有比较独立理解和判断', '7. 乐于技术钻研，注重代码质量，有分享精神，抗压能力强，有良好的协作意识']",[],http://sina.gllue.me/portal/campusposition/detail?id=419,2018-08-03
5b85449edcbaa950ee38c735,数据库工程师,北京,"['1. 维护新浪微博、新浪网数据库稳定运行，关注数据库集群整体运行情况，持续发现和解决潜在的问题', '2. 负责数据库的性能优化，使用新技术和新架构满足日益增长的业务需求', '3. 负责数据库的自动化运维系统的设计与建设，为开发团队以及DBA提供平台支持', '4. 负责公司业务的存储体系架构的设计与实施', '5. 对数据库进行容量规划、架构设计，提高业务高可用性和容灾能力']","['1. 计算机或相关专业毕业，本科以上学历', '2. 精通Linux系统（如：RHEL、CentOS等）的配置与管理', '3. 至少熟练掌握Python/Perl中一种脚本语言，能根据运维需求快速开发相应脚本', '4. 熟悉MySql数据库的安装配置与管理者优先考虑', '5. 熟悉salt/puppet/ansible 中一种配管软件者优先考虑', '6. 工作踏实，做事仔细，认真负责，吃苦耐劳，有良好的团队合作精神', '7. 具备较强的分析和解决问题的能力，善于沟通', '8. 具备RHCE/LPIC，ITIL，PMP等认证者优先考虑']",[],http://sina.gllue.me/portal/campusposition/detail?id=420,2018-08-03
5b8544a1dcbaa950ee38c736,网络工程师,北京,"['1. 负责新浪数据中心网络的规划、建设，运维，监控及网管平台、控制器产品设计', '2. 负责完成网络项目的实施及文档整理工作', '3. 具备一定项目现场沟通协调能力，熟悉项目管理流程', '4. 能够解决网络相关的日常问题，具备一定现场排错能力', '5. 能顺利完成上级领导交办的任务']","['1. 通信、计算机相关专业本科以上学历', '2. 熟悉交换、路由协议原理，熟悉常用路由协议（OSPF、ISIS、BGP)，能够规划与设计中大型网络结构和路由策略', '3. 良好的责任心和持续钻研技术的学习能力、有良好的沟通协调能力和故障分析能力', '4. 有过互联网公司或者运营商级网络的运营实习经验者优先', '5. 熟悉linux操作系统、python优先']",[],http://sina.gllue.me/portal/campusposition/detail?id=423,2018-08-03
5b8544a5dcbaa950ee38c737,研发工程师_C++方向,北京,"['1. 负责新浪/微博产品功能开发', '2. 负责高并发技术架构设计、开发、优化', '3. 负责海量数据存储设计、开发、优化']","['1. 热爱互联网，对互联网产品和技术有浓厚的兴趣，热衷于追求技术极致与创新', '2. 深刻理解计算机数据结构和算法设计，精通C/C++语言', '3. 了解unix、linux等主流操作系统原理，熟练运用系统层支持应用开发', '4. 优秀的分析问题和解决问题的能力，勇于解决难题', '5. 强烈的上进心和求知欲，较强的学习能力和沟通能力，具备良好的团队合作精神']","['1. 计算机领域相关的编程大赛获奖、专业期刊发表文章或者有发明专利等', '2. 有一定项目经验，熟悉软件工程开发流程']",http://sina.gllue.me/portal/campusposition/detail?id=422,2018-08-03
5b8544b0dcbaa950ee38c738,研发工程师_JAVA方向,北京,"['1. 负责新浪及微博核心功能的研发与维护，各个方向包括不限于，新浪门户各业务线（新浪新闻、财经、体育、汽车、时尚、教育、星座等），微博feed，微博通讯，视频与直播等，确保后端服务架构的高效稳定', '2. 专注于分布式系统算法和架构，解决高并发、高性能场景下的系统架构问题；处理百亿级/天的服务接口请求，以及百万级/秒的峰值请求', '3. 专注于分布式存储方向，解决海量数据存储过程中的容量及性能瓶颈问题；处理千亿级微博feed、用户关系等在线数据的存储与处理，以及快速的数据增长问题', '4. 致力于服务中间件的开发，提供高内聚的解决方案，以帮助各个核心功能服务简化服务架构，降低系统复杂性，保证服务稳定性', '5. 利用大数据处理技术，为开放平台产品功能及开放策略提供数据分析支持，促进新浪及微博服务更好用户体验']","['1. 计算机或相关专业，本科及以上学历', '2. 有快速学习能力，及较强的解决问题能力，能够在承受压力情况下完成解决问题', '3. 掌握Java开发基础，熟悉多线程开发，熟悉Spring框架，理解IOC原理', '4. 有良好的数据结构和算法基础 ']","['1. 有ACM，数学建模等比赛经验优先', '2. 熟悉Linux/Unix开发环境，有相关环境开发经验者优先', '3. 熟悉socket网络编程，对TCP/IP、HTTP等网络协议有一定的理解', '4. 掌握数据库开发，了解MySQL数据库，有HBase、Redis或其他NoSQL相关使用经验者优先', '5. 有相关开源项目经验者，接受开源思想，有Github创建、维护或参与经验优先']",http://sina.gllue.me/portal/campusposition/detail?id=424,2018-08-03
5b8544b4dcbaa950ee38c739,研发工程师_PHP方向（北京）,北京,"['1. 负责新浪或微博产品功能开发', '2. 负责高并发技术架构设计、开发、优化', '3. 负责海量数据存储设计、开发、优化']","['1. 热爱互联网，对互联网产品和技术有浓厚的兴趣，热衷于追求技术极致与创新', '2. 深刻理解计算机数据结构和算法设计，精通C/C++、PHP中至少一门编程语言', '3. 了解unix、linux等主流操作系统原理，熟练运用系统层支持应用开发', '4. 优秀的分析问题和解决问题的能力，勇于解决难题；', '5. 强烈的上进心和求知欲，较强的学习能力和沟通能力，具备良好的团队合作精神 ']","['1. 计算机领域相关的编程大赛获奖、专业期刊发表文章或者有发明专利等', '2. 有一定项目经验，熟悉软件工程开发流程']",http://sina.gllue.me/portal/campusposition/detail?id=425,2018-08-03
5b8544b7dcbaa950ee38c73a,研发工程师_测试,北京,"['1. 负责新浪/微博Android、IOS移动端及SDK的功能测试、性能测试 ', '2. 完善测试方法，引进新技术，开发测试平台，提高产品测试质量及效率', '3. 制定测试计划，设计测试用例，组织执行测试，跟踪分析并推动解决测试过程中发现的问题及线上问题']","['1. 本科以上学历，计算机相关专业，有互联网测试实习经验者优先', '2. 熟悉Android/IOS的研发及测试流程，具备扎实稳定的移动端基础测试能力', '3. 了解自动化测试实施，掌握一种自动化测试工具如Appium、Robotium或其他自动化测试框架', '4. 熟练掌握Charles、Fiddler、Wireshark等抓包工具并进行分析，熟练掌握JAVA、Python、PHP其中一种编程语言', '5. 主动性强，有较强逻辑分析能力、细心负责、独立解决问题能力强，有团队精神']",[],http://sina.gllue.me/portal/campusposition/detail?id=426,2018-08-03
5b8544badcbaa950ee38c73b,研发工程师_多媒体方向,北京,"['1. 负责或参与客户端播放器的框架制定和开发', '2. 负责参与客户端多媒体相关技术方向的制定，优化和预研', '3. 参与客户端多媒体相关业务的开发（点播，直播）']","['1. 熟练C/C++编程', '2. 有Android native编程、调试经验', '3. 熟悉mp4、flv等视频格式、HLS、RTP、RTMP等视频传输协议', '4. 熟悉H.264、H.265等视频编解码协议', '5. 熟悉FFMPEG视频编解码库', '6. 熟悉VLC、IJKPlayer等开源库播放器框架', '7. 熟悉Android视频硬件编解码']",[],http://sina.gllue.me/portal/campusposition/detail?id=427,2018-08-03
5b8544bddcbaa950ee38c73c,研发工程师_客户端方向（北京）,北京,"['1. 负责新浪移动及微博客户端的功能设计和开发；                                ', '2. 负责维护客户端，分析和解决用户碰到的各种疑难杂症                                                                                    ', '3. 负责客户端的性能优化以及各种实用工具的开发']","['1. 熟悉Android/iOS开发，热爱编程（包含在校项目）                                           ', '2. 熟悉常用网络协议包括tcp、http等                                                                      ', '3. 具备一定的产品意识，对社交网络产品有一定的理解                                                                  ', '4. 具备扎实的理论基础，熟悉常用的数据结构，算法以及数据库技术                                ', '5. 具备一定的沟通能力，能够清晰地表达自己的想法']",[],http://sina.gllue.me/portal/campusposition/detail?id=428,2018-08-03
5b8544c0dcbaa950ee38c73d,研发工程师_前端方向,北京,"['1. 负责网站前端应用进行开发，支持视觉设计及Web开发的相关工作', '2. 本着以用户为核心的设计理念，对页面进行优化，使用户操作更去于人性化', '3. 支持部门产品维护和新产品的开发，负责产品前端优化']","['1. 本科以上学历，计算机相关专业', '2. 在校期间有过网站或移动应用产品开发经验优先', '3. 熟悉编程基础知识，例如：数据结构，基本算法等', '4. 熟悉HTML、CSS、JavaScript等Web前端技术，熟悉W3C网页标准，如果了解一种后端开发语言（NodeJS、PHP、Python、JAVA或Ruby）更好', '5. 理解AJAX运作机制，了解常见JS开发框架中的一种（如prototype、jQuery、Mootools、YUI等）', '6. 熟悉各种常用布局，有css3动画经验更佳', '7. 了解vue、react、angular等框架', '8. 具有较强的学习能力和洞察力', '9. 具有良好的沟通能力和团队合作精神']",[],http://sina.gllue.me/portal/campusposition/detail?id=429,2018-08-03
5b8544c3dcbaa950ee38c73e,研发工程师_系统开发,北京,"['1. 负责新浪底层核心平台和基础架构的设计、研发，如：CDN/SDN/DNS/负载均衡/监控系统/数据库/大数据分析平台/动态应用平台/混合云管理平台等', '2. 负责运维核心支撑系统的设计、研发及持续迭代，如：海量服务器自动部署系统、弹性调度系统、集群管理系统、数据资产管理系统等；', '3. 负责基础架构及运维相关新技术的研究，如：AI OPS']","['1. 计算机科学技术、网络工程、软件工程、物联网、电子技术、自动化、电子商务、应用数学等理工类相关专业为佳', '2. 熟悉Linux系统常见操作，熟悉TCP/IP、数据库、操作系统、数据结构等基本原理', '3. 熟练掌握c/c++/java/php/python/go/javascript/shell/ruby中任意一门编程语言，有相关项目研发经验者优先', '4. 有较强的学习能力、团队合作精神，善于沟通', '5. 对互联网架构或常见服务器端软件有一定经验者优先，如：nginx/MySQL/Redis/LVS/Linux内核 等', '6. 有开源软件代码的研究或开发经验者优先']",[],http://sina.gllue.me/portal/campusposition/detail?id=430,2018-08-03
5b8544c6dcbaa950ee38c73f,运维工程师,北京,"['1. 负责运维系统开发以及工具的设计，如监控数据分析系统、自动部署系统、集群管理系统、数据资产管理系统等', '2. 针对运维领域已有的系统和环境，以标准化自动化为结果导向，保证稳定性的同时持续优化提升效率', '3. 协同架构团队/运维团队，改进和优化运维工作，并进行前瞻性规划，负责需求分析/架构设计/模块开发', '4. 分析运维工作中的瓶颈问题，设计并开发使用于于公司环境的工具，持续提升自动化的比例和效率', '5. 运维标准化建设，积累并总结运维工作的最佳实践，参与制定标准化相关规范和策略，并跟进实施']","['1. 本科及以上学历', '2. 计算机应用，计算机科学技术，计算机网络、软件工程、电子技术、自动化、电子商务、应用数学等理工类相关专业为佳', '3. 了解Linux操作系统原理，有较长使用时间或系统管理经验为佳，在Linux环境下有完整的项目开发经验为加分项，有内核开发经验为加分项，熟练使用版本管理工具如svn/git/mercurial等为加分项', '4. 能够熟练使用c/c++/java/php/python/javascript/ruby中至少两门编程语言，有相关领域已完成的项目为加分项，算法和数据结构方面的掌握度为加分项', '5. 对主流数据库，如MySQL/PostgreSQL/MongoDB，具备基本了解和使用经验，有基于数据的成熟系统开发经验为加分项，有消息队列或中间件的开发使用经验为加分项', '6. 对互联网业务的架构有一定的了解和认识，比如DNS原理/负载均衡原理/网络通信协议，比较清楚客户端和服务端交互的全过程，有网站或app开发经验为加分项，产品完成度和复杂度为具体加分标准', '7. 较强的学习能力和顺畅的沟通能力，具备良好团队协作能力，能够与业务人员对场景/问题/需求进行高效沟通']",[],http://sina.gllue.me/portal/campusposition/detail?id=431,2018-08-03
5b8544c9dcbaa950ee38c740,商业化策略运营,北京,"['1. 周、季度、半年汇总广告产品的流量及效果数据，输出对应的周报', '2. 梳理历史数据，分析并与产品核对数据问题并给出解决方案', '3. 通过库存、流量、及效果数据，分析发现其中存在的运营问题及优化方案', '4. 研究市场品牌广告资源规划及定价，并结合自身售卖情况给出资源规划和定价策略', '5. 研究市场RTB广告运营方式并结合自身产品给出优化建议，提高产品流量变现效率']","['1. 逻辑思维能力突出，对数据有较高的敏感度，有数据建模分析能力者优先；熟练掌握Sql、Excel、ppt的应用；数学、统计学专业优先', '2. 具备良好的沟通需求的能力，和分析、解决问题的能力，具备良好的推动和执行力']",[],http://sina.gllue.me/portal/campusposition/detail?id=438,2018-08-03
_id,title,location,responsibilities,qualifications,pluses
5b837746dcbaa94718adffad,运维开发工程师,北京市 湖北-武汉市,"['1、我们为小米的站点稳定性提供系统和工具，是稳定性工程专家', '2、实践DevOps 和\xa0<a href=""https://landing.google.com/sre/"">Google SRE</a>的工程思想', '3、站在软件生命周期全局考虑如何保障系统健壮性，稳定性，并通过软件工程技术为站点保驾护航。', '4、站在用户/工程师的角度提供易用的工具和平台产品，不断完善使用体验', '5、负责集团基础软件/工具/平台的设计和研发，包括：', '><li>监控系统:\xa0<a href=""http://open-falcon.com/"">open-falcon</a></li><li>应用性能管理系统:\xa0<a href=""http://apm.mi.com/"">米路通</a></li><li>发布系统</li><li>弹性调度平台</li><', '6、按照优秀的工程实践完成需求，设计，编码，测试，发布的软件开发流程', '7、按照标准编写设计/开发/运维/用户文档', '8、使用Golang/Ruby/C/Python语言开发软件。']","['1、熟练C/C++/Java至少一种编程语言，有Ruby/Python/Bash经验更好；', '2、熟悉Linux/Unix系统；', '3、熟悉软件开发方法/流程，理解软件设计，开发，测试，发布过程；', '4、持续学习，不断追求更好，不断挑战自己，包括：产品/架构/方案/流程/编码；', '5、乐于分享，具备服务精神，良好的沟通能力和团队合作精神；', '6、优秀的分析和解决问题能力，勇于解决难题，有”问题到我为止“的精神。']",
5b83774adcbaa94718adffae,系统软件工程师,北京市 江苏-南京市 广东-深圳市,"['1、从事手机平台系统软件开发工作', '2、负责手机相关功能设计、开发、集成、验证、问题解决', '3、多团队配合，保证产品质量，做新产品预研创新']","['1、学习能力强，思路清晰，团队合作能力好，适应快节奏、高效率工作', '2、编程能力强，有软件架构，软件工程思维', '3、熟练读懂英文文档，并能进行英语交流，可读懂硬件原理图']",
5b83774ddcbaa94718adffaf,自然语言处理工程师,北京市 湖北-武汉市,['负责闲聊对话机器、机器翻译、机器创作、智能问答相关算法的研发工作，包括问句理解、阅读理解、答案生成、Query 纠错、意图识别、槽位填充、指代消解等。'],"['1、有自然语言处理相关实习经验和背景；', '2、有深度学习经验者优先；', '3、有闲聊、机器翻译、机器创作产品和算法经验者优先。']",
5b837751dcbaa94718adffb0,区块链研发工程师,北京市 江苏-南京市,"['1、持续关注区块链相关前沿技术，了解区块链并对区块链方向有热情；', '2、将前沿学术研究转化为平台能力；', '3、参与区块链开放平台的设计与编码\xa0', '4、熟悉node.js、Go开发， 了解各种加密算法', '5、有着扎实的数据结构与算法基础']","['1、计算机相关专业；', '2、至少熟悉一个区块链开源项目；', '3、性格开朗乐观，责任心强，积极主动，善于沟通，具有团队精神；\xa0', '4、具有较强的学习沟通和口头表达能力；\xa0', '5、逻辑能力强、思维活跃，接受新事物能力强；\xa0']",
5b837754dcbaa94718adffb1,语音算法工程师,北京市 湖北-武汉市,['从事语音算法优化和移植。'],"['1、本科以上学历，电子工程，计算机等相关专业；\xa0', '2、有语音算法优化方面的实习经验优先；\xa0', '3、具有较强的学习能力，解决问题的能力；', '4、熟悉Linux环境，汇编语言，c和c++语言。']",
5b837757dcbaa94718adffb2,语音合成工程师,北京市 湖北-武汉市,['从事语音合成研发工作。'],"['1、本科以上学历，电子工程，计算机等相关专业；\xa0', '2、有语音合成方面实习经验的优先；\xa0', '3、具有较强的学习能力，解决问题的能力；', '4、熟悉Linux环境，至少使用过一种脚本语言(perl/python/shell等)。']",
5b83775adcbaa94718adffb3,搜索推荐算法工程师,北京市,['负责搜索/推荐策略和算法的设计和开发，探索前沿技术在移动搜索、信息流等业务中的应用和落地。'],"['1、计算机科学、机器学习、人工智能等专业本科及以上学历，扎实的算法和编程能力；', '2、有推荐系统相关实习经验，熟悉常用的推荐算法者优先；', '3、熟悉Hadoop、HBase、Spark、Kafka等计算平台和工具。']",
5b83775ddcbaa94718adffb4,语音识别工程师,北京市 湖北-武汉市,['从事语音识别，语音唤醒，声纹识别，语音降噪，语音信号分析。'],"['1、本科以上学历，电子工程，计算机等相关专业；\xa0', '2、有语音识别方面实习经验的优先；\xa0', '3、具有较强的学习能力，解决问题的能力；', '4、熟悉Linux环境，至少使用过一种脚本语言(perl/python/shell等)。']",
5b837760dcbaa94718adffb5,深度学习框架工程师,北京市 湖北-武汉市,['负责设备端和服务器端深度学习框架的设计、实现、优化与改进。'],"['1、熟悉TensorFlow/Caffe/MXNet等深度学习框架；', '2、有手机端计算性能与功耗优化(CPU/GPU/DSP)经验者优先；', '3、有数值计算库，FPGA，GPU优化经验者优先。']",
5b837762dcbaa94718adffb6,Unity3D游戏客户端开发工程师,北京市,"['负责 Unity3D客户端开发工作。', '任职要求：', '1、良好的数据结构和算法基础；', '2、掌握C/C++语言；', '3、态度积极，思维严谨，逻辑清晰，学习能力强；', '4、对游戏开发有热情；', '5、有 Unity3D、C#开发经验者优先；', '6、有游戏开发经验者优先；']",[],
5b837766dcbaa94718adffb7,视觉/图像算法工程师,北京市 湖北-武汉市 上海市,"['1、负责图像语义分割/分类、图像/视频超分辨率、图像/视频风格化、图像多帧增强、AI降噪等算法与系统的设计、实现、优化与改进或音视频系统实现；', '2、负责视频算法研究和设计，包括视频编解码器，实时传输等算法；', '3、针对Android、IOS多平台进行算法优化。']","['1、硕士或以上，视觉图像、视频处理或相关专业毕业；', '2、 有C++语言编程经验，调试的知识，经验，技能 ；\xa0', '3、 有Video Codec开发或使用经验，了解H264码流特点；', '4、有图像处理和计算机视觉的经验和背景、深度学习经验者优先、拍照类产品和算法经验者或OpenGL或ffmpeg开发经验优先。']",
5b837768dcbaa94718adffb8,知识图谱工程师,北京市,"['1、负责智能问答相关的NLP模型的优化工作；', '2、负责知识图谱的建设工作；', '3、负责问答相关性模型的优化工作。']","['1、熟悉自然语言处理常见算法，中文分词、主题分析、情感分析、实体名和关系抽取等；', '2、熟悉深度学习在NLP常见应用场景；', '3、熟悉问答相关算法，SLU、NLG、多轮对话等。']",
5b83776adcbaa94718adffb9,运维工程师,北京市,"['1、负责小米人工智能、电商、物联网、云服务、搜索等在线业务的运维，做好日常排查、故障预案、优化、评估等工作，做到7*24快速响应；', '2、与DEVS共同设计产品后端架构， 实现分布式、集群化运维，确保集群可用性、稳定性，制定并实施相关运维技术方案，确保服务高效、稳定的运行；', '3、负责设计实现与运维相关的自动化工具或系统，减少人工干预，实现运维系统管理业务系统；', '4、通过技术手段进行成本控制及优化，通过工具化及流程提升服务管理效率。']","['1、熟悉LAMP架构、特点及框架，有网站及CDN运维、集群设计和实施经验者优先；', '2、熟练BASH编程，熟练PHP/PYTHON/PERL/RUBY中的任意一门语言，做过运维自动化（加分项）；', '3、熟悉TCP/IP协议，LINUX常用命令及原理，LINUX下常用服务（postfix/iptables/nginx/ftp/dns/等等）的部署及优化；', '4、了解常用运维开源工具（ansible/puppet等等）、LAMP相关开源软件；', '5、有强烈的团队协作意识、高度的责任感，对工作积极严谨，勇于承担压力，逻辑思维、沟通能力强，有较强学习和创新能力。']",
5b83776ddcbaa94718adffba,图像测评工程师,北京市 江苏-南京市 广东-深圳市 上海市,"['1、独立拍摄项目评测所需主客观图片/视频；', '2、独立分析所拍摄的图片/视频，并输出当前项目的整体状态；', '3、开发图像/视频测评方法；', '4、与项目经理，开发人员积极沟通配合，推动问题的解决。']","['1、熟悉图像质量相关理论知识，熟练掌握图像主客观评价方法；', '2、对DXOMark、IE、Imatest或者其他测评方法有了解的优先；', '3、具有良好的沟通能力、逻辑思维能力、冲突管理能力、善于团队合作；', '4、喜欢摄影，熟练使用PS优先。']",
5b83776fdcbaa94718adffbb,数据库管理员,北京市,"['1、维护小米数据库服务的正常运行和应急响应；', '2、制定和改进应急预案、策略和流程，提高服务运行质量；', '3、优化数据库服务，提升可靠性、性能；', '4、开发数据库自动化运维平台。']","['1、熟悉MySQL、Redis、MongoDB其中一种或多种的运行机制和体系架构；', '2、精通/熟悉SQL，精通数据库设计与优化；', '3、熟悉Linux/Unix操作系统；', '4、至少熟悉一门所列编程语言golang/python/bash；', '5、抗压能力强，有强烈的责任心、良好的沟通能力。']",
5b837773dcbaa94718adffbc,软件开发工程师,北京市 广东-深圳市 江苏-南京市 湖北-武汉市 上海市,"['1、负责相关业务服务器端的研发工作，包括需求沟通、功能设计与开发等；', '2、负责相关业务服务器相关的高并发架构设计、线上维护、性能调优等；', '3、和产品/测试/运营进行密切沟通，能够根据需求提出合理技术方案；', '4、负责软件开发过程中的问题分析和总结，提供建议和帮助改善研发流程。']","['1、计算机相关专业本科及以上学历，具备扎实的计算机理论基础；', '2、至少熟练掌握一门计算机开发语言，包括但不限于Java、PHP、Go、Javascript、C++/C、Python；', '3、有强烈的上进心和自我驱动，学习适应能力强，乐观自信，能挑战自我不断追求卓越；', '4、有强烈的责任心和团队精神，善于沟通和合作。']",
5b837776dcbaa94718adffbd,前端工程师,北京市 湖北-武汉市 江苏-南京市,"['1、负责相关业务项目的web前端的研发工作，包括需求沟通、功能设计与开发等；', '2、负责web前端相关服务的线上维护，性能调优等；', '3、负责web前端的架构设计、框架选型、基础组件优化等；', '4、和产品/测试/运营进行密切沟通，能够根据需求提出合理技术方案；', '5、负责软件开发过程中的问题分析和总结，提供建议和帮助改善研发流程。']","['1、计算机相关专业本科及以上学历，具备扎实的计算机理论基础；', '2、具备基本的HTML、CSS及JavaScript等Web前端技术；', '3、了解至少一种Server端语言（Node.js/PHP/Python/Java等）；', '4、具备扎实的计算机基础，对数据结构和算法设计有充分理解；', '5、有强烈的上进心，自我驱动，学习适应能力强，乐观自信，能挑战自我不断追求卓越；', '6、有强烈的责任心和团队精神，善于沟通和合作。']",
5b837779dcbaa94718adffbe,大数据工程师,北京市 湖北-武汉市 江苏-南京市,"['1、负责产品及业务的数据采集、校验、提取和统计的相关工作；', '2、负责产品及业务的数据分析和预测、应用数据预估和关联挖掘、应用内使用数据统计等工作；', '3、探索和研究有效的机器学习/深度学习模型，为公司各部门或项目提供决策支持。']","['1、数据挖掘、统计学、数学、计算机相关专业本科以上学历；', '2、熟悉主流机器学习、数据挖掘基本算法和数学模型，并有实际的项目经验；', '3、精通一种开发语言（Python、Scala、Java、C等），并具有快速学习其他开发语言的能力；', '4、熟悉Hadoop(HDFS/MapReduce/Hive/HBase)、Spark、Kafka的使用，熟悉Mysql等关系型数据库和NoSql技术；', '5、对数据敏感、能熟练预估数据量以及数据项之间关系，善于从数据中发现问题；', '6、具有良好的沟通协作能力，具有较强的分享意愿。']",
5b83777ddcbaa94718adffbf,测试开发工程师,北京市 广东-深圳市 江苏-南京市 湖北-武汉市 上海市 西班牙 墨西哥 俄罗斯,"['1、负责相关平台的测试工作、制定项目测试方案、计划并实施、保证项目质量和进度；', '2、根据产品和项目特点，提出合理的技术解决方案，并负责设计和实现相应工具和平台，提高效率与质量；', '3、设计与执行测试用例，跟踪定位产品软件中的缺陷或问题；', '4、参与产品需求、系统设计和程序代码的评审工作，并提出改进意见；', '5、评估项目质量风险，与产品经理和开发人员就项目进度和问题进行沟通。']","['1、计算机及相关专业本科以上学历，211高校、985高校；', '2、具备无线端开发/测试或者web产品开发/测试 实习经验优先；', '3、自动化测试常用工具（如monkeyrunner、appium、selenium等）；', '4、掌握PHP/JAVA/C/C++或几种脚本语言如python/shell等，能熟练编写代码；', '5、精通软件测试理论和方法，熟悉互联网行业测试环境及相关技术；', '6、熟悉Linux/Unix操作系统，或LAMP架构；', '7、善于学习和运用新知识，具有良好的分析和解决问题能力。']",
5b837780dcbaa94718adffc0,安全工程师,北京市 湖北-武汉市,"['1、负责公司各项业务的安全测试及评估工作；', '2、负责内部安全漏洞的管理、跟踪、处理等工作；', '3、跟踪并研究主流安全技术，并应用到公司相关业务中。']","['1、熟悉Python/Golang/Java/C/C++任意一种开发语言，熟悉服务端开发或者常见Web开发框架；', '2、熟悉MySQL/Redis/Memcache等数据存储；', '3、熟悉Linux的基本操作和维护；', '4、有较强的编码能力及良好的编程风格者优先。']",
5b837783dcbaa94718adffc1,iOS开发工程师,北京市 湖北-武汉市 江苏-南京市,"['1、负责新业务iOS客户端的研发工作，包括需求沟通，及功能设计与开发等；', '2、负责iOS客户端架构设计、模块重构、性能优化等；', '3、和产品/测试/运营进行密切沟通，能够根据需求提出合理技术方案；', '4、负责软件开发过程中的问题分析和总结，提供建议和帮助改善研发流程。', '<strong>工作要求：</strong>', '1、计算机相关专业本科及以上学历，具备扎实的计算机理论基础；', '2、熟悉iOS平台原理机制，编码功底扎实，熟练掌握网络及多线程开发；', '3、熟悉iOS SDK、熟练使用Xcode及相关开发工具，具备出色的调试知识、经验和技能；', '4、熟悉面向对象设计和分析，能够运用常用的设计模式，有一定的软件架构设计能力；', '5、有强烈的上进心，自我驱动，学习适应能力强，乐观自信，能挑战自我不断追求卓越；', '6、有强烈的责任心和团队精神，善于沟通和合作。', '加分项：', '1、深入理解算法和数据结构；', '2、在校项目经验；', '3、优秀的在校成绩；', '4、喜欢阅读源码，技术论坛活跃。']",[],
5b837787dcbaa94718adffc2,Android开发工程师,北京市 江苏-南京市 湖北-武汉市 上海市,"['1、负责相关业务Android客户端的研发工作，包括需求沟通及功能设计与开发等；', '2、负责Android客户端架构设计、性能调优、功耗优化等；', '3、和产品/测试/运营进行密切沟通，能够根据需求提出合理技术方案；', '4、负责软件开发过程中的问题分析和总结，提供建议和帮助改善研发流程。', '<strong>工作要求：</strong>', '1、计算机相关专业本科及以上学历，具备扎实的计算机理论基础；', '2、具备基本的Android开发经验，具备扎实的java编程基础；', '3、熟悉Android SDK、对Android应用结构有深刻的认识，具备出色的调试知识、经验和技能；', '4、熟悉面向对象设计和分析，能够运用常用的设计模式，熟练掌握网络及多线程开发；', '5、有强烈的上进心，自我驱动，学习适应能力强，乐观自信，能挑战自我不断追求卓越；', '6、有强烈的责任心和团队精神，善于沟通和合作。', '加分项：', '1、深入理解算法和数据结构；', '2、在校项目经验；', '3、优秀的在校成绩；', '4、喜欢阅读源码，技术论坛活跃。']",[],
5b83778adcbaa94718adffc3,机器学习算法工程师,北京市 江苏-南京市,"['1、通过机器学习优化CTR模型效果；', '2、负责优化协调过滤算法，挖掘用户社交关系与潜在社群；', '3、负责构建用户画像，分析用户兴趣偏好。', '<strong>工作要求：</strong>', '1、在以下至少一个领域有深入的研究：统计/机器学习（回归(Logistic)、聚类、时间序列、分类树、Boosting、SVM、Random Forest、神经网络、贝叶斯网络等）；', '2、熟悉和掌握算法模型之一（如Scikit-learn，或者Matlab Machine Learning/Optimization Toolbox，Spark MLlib等）；', '3、至少熟悉和掌握深度学习开发框架之一（如Caffe、Theano、Torch或者Keras）；', '4、有下列经验者优先：', '数据库查询之一Hive、SQL Server、Oracel、MySQL、或者Teradata等；', '熟悉深度学习算法（CNN，DBN， Autoencoder等）者；', '有机器学习、数据挖掘、数据建模经验者；', '有Hadoop/Hbase/Cassandra/Ceph/Storm/Spark/Hive等系统经验；', '熟悉Java、Python。']",[],
5b83778ddcbaa94718adffc4,音频工程师,北京市 广东-深圳市,"['1、负责音频新功能、新特性的跟踪和开发；', '2、负责常见的音质、音效问题定位和开发；', '3、设计、重构、优化音频处理的各个模块；', '4、音视频系统实现。', '<strong>工作要求：</strong>', '1、硕士或以上，音频处理或相关专业毕业；', '2、有C或C++语言编程经验，调试的知识，经验，技能；', '3、从事过语音编码，音频处理（如AEC，AGC，NS等）的相关工作，对音频相关的概念和算法有深入的理解；', '4、有信号处理开发经验，了解信号处理基本算法；', '5、了解AEC算法优先，有C++开发经验优先。']",[],
5b83778fdcbaa94718adffc5,Telephony工程师,江苏 南京市,"['1、负责Telephony App/Service/Framework、RIL、SIM卡、Call、Data、VoLTE等相关模块的维护和开发；', '2、负责平台的Telephony接口支持；', '3、负责产品相关需求的提炼、分析、设计和开发；', '4、负责产品相关测试支持、问题分析及定位等工作。']","['1、计算机、通信等相关专业；', '2、熟练使用Java语言，熟悉Android编译配置、基础组件；', '3、熟练使用Android基础控件进行应用开发。']",
5b837792dcbaa94718adffc6,OS系统互联工程师,江苏 南京市,"['1、参与MIUI系统互联互通新技术预研/需求分析/方案设计和开发落地；', '2、负责Android/Linux Kernel中TCP/IP协议栈，蓝牙协议栈/WiFi(802.11)协议栈的演进、升级、优化和增强，涵盖系统架构分析/兼容性/性能/功耗/稳定性优化；', '3、研究和跟进TCP/IP/WiFi(802.11)/蓝牙/IOT领域业界技术演进/新技术和新标准，识别并挖掘对手机用户有价值的场景和解决方案设计。']","['1、熟悉C/C++/JAVA语言，熟练掌握其中一种；', '2、精通Linux Socket编程，对TCP/UDP/IP等有深入了解，解决各类疑难问题；', '3、熟悉802.11系列协议，TCP/IP(IPV4/IPV6)协议，DHCP/DNS/VPN等应用协议，熟悉WFA技术规范；', '4、精通蓝牙Core Spec以及A2DP/HFP/RFCOMM/L2CAP/BLE等核心协议和规范，熟悉BT5.0新增特性，有协议栈、Profile增强开发经验并熟悉SIG在研规范者优先；', '5、熟悉业界主流互联互通及IOT协议栈架构和实现方案。']",
5b837795dcbaa94718adffc7,数据科学家,北京市 湖北-武汉市,"['1、利用统计，机器学习，深度学习等算法解决复杂的业务问题；', '2、将顶尖的人工智能算法应用到各种挑战性的现实场景；', '3、从事大数据和算法方向的前沿性研究。']","['1、精通概率统计，具有很强的数据分析能力与敏感度，能快速从给定的数据中找出规律；', '2、深刻理解机器学习、数据挖掘相关算法，有扎实的基本功和良好的逻辑思维能力；', '3、对行为预测、自然语言、用户画像、社交网络、时空数据等领域有深入研究者优先；', '4、熟悉自然语言处理相关的工作，包括但不限于文本分类、命名实体识别、句法分析、智能问答、语义理解、对话生成、话题推荐等者优先；', '5、熟悉CNN、RNN及各种网络结构，有深度学习在NLP领域实践经验者优先；', '6、具有搜索、推荐、CTR优化深入应用经验者优先；', '7、对Tensorflow、Theano、 Torch、Caffe、Mxnet有过深入应用经验者优先。']",
_id,title,location,responsibilities,qualifications,pluses,url
5b83fdcedcbaa91868beff2d,后端开发工程师（校招）,北京市-海淀区 四川-成都市,"['负责知乎主站、知乎 App 相关产品的后端开发工作；', '包括但不限于问答、帐号、消息、视频等相关模块；', '与产品 & FE & APP 工程师一起探讨 & 实现知乎产品的新功能及改进；', '与基础架构工程师、运维工程师一起实现稳定、可扩展的后台服务；', '数据驱动，不断通过产品和技术数据进行改进，并完成快速迭代 计算机相关基础知识扎实，了解常用数据结构和算法。']","['掌握至少一门编程语言，如 Python、Ruby、Java、PHP 等；', '熟悉常用的 Web 开发相关技术， Web 框架、HTTP/HTTPS 协议、Web 安全等；', '掌握关系数据库及 SQL 相关知识，熟悉至少一种 NoSQL，熟悉基本的设计和优化原则；', '有视频方向工作经验者优先。']","['熟悉 Python 语言，了解 Gevent、Tornado 等异步开发框架或模型', '有微服务开发经验，熟悉 Thrift、Protocol Buffers', '在开源社区有作品，或向社区提交过 bug 或 patch']",https://app.mokahr.com/campus_apply/zhihu#/job/10236512-166f-41b9-a145-b733f99e01d9
5b83fdcfdcbaa91868beff2e,前端开发工程师（校招成都）,四川 成都市,"['与产品设计师、后端工程师协作，参与设计和开发知乎产品；', '包括但不限于知乎主站、APP 、小程序等方向。']","['有扎实的前端技术基础，包括但不限于 HTML、CSS、JavaScript、DOM；', '对计算机相关基础知识有较好的理解，熟悉服务端开发技术；', '熟悉常见的前端框架、库、工具，例如：jQuery、AngularJS、Backbone.js、React、Grunt、Gulp 等；', '有复杂用户界面与交互应用开发经验，在乎设计细节，能够发现并反馈设计稿中的缺陷。']","['有复杂项目的架构设计经验或规范制定经验；', '有过深入研究某一方面的前端技术的经验，能够有自己的理解和看法；']",https://app.mokahr.com/campus_apply/zhihu#/job/45de4407-12d8-4334-bcb2-532af19dbaa1
5b83fdd2dcbaa91868beff2f,算法工程师（校招）,北京市 海淀区,"['对文本与日志进行数据挖掘和分析，为知乎的改进提供数据支持；', '个性化推荐算法的研究和优化；', '参与构建知乎的数据系统。']","['对机器学习、数据挖掘、大数据处理等前沿技术有浓厚的兴趣；', '具有良好的计算机科学基础，包括：熟悉 C /Java/Scala/Python 中的一种或多种编程语言；', '对算法和数据结构有较为深入的理解；', '对 Hadoop、Spark 等并行计算技术有所了解；', '有一定的工程经验，熟悉常见的设计模式等等。']","['有业内明星创业公司相关的实习经验；', '对机器学习和数据挖掘算法有深入的理解，熟悉 LR、GBDT、神经网络等常见的机器学习技术；', '有 NLP、计算机视觉、人工智能等领域的研究经验。']",https://app.mokahr.com/campus_apply/zhihu#/job/cc4a21d8-6848-4038-b657-6e02cf3c8083
5b83fdd3dcbaa91868beff30,测试开发工程师（校招成都）,四川 成都市,"['深入理解知乎治理各业务线的产品需求，制定测试计划，编写测试用例，执行知乎客户端和 Web 端的功能、接口、性能等方面的测试', '跟进并优化知乎治理产品的项目流程和测试流程，保证产品质量', '开发和维护 API 测试、遍历测试、UI 测试等自动化测试工具，编写和维护自动化测试用例', '设计、构建和优化持续交付流程，开发和维护相关的持续交付工具']","['熟悉 Python、Java、Objective-C\u200e、Golang 中的一种语言，熟悉 Linux 编程环境；', '有良好的团队合作精神，责任感强，有较好的沟通能力，主动性强；', '有优秀的质量意识，学习能力强，热爱测试工作；', '计算机相关专业， 基础知识扎实；']",['有互联网测试或者开发相关的实习经验'],https://app.mokahr.com/campus_apply/zhihu#/job/454f978d-8230-4616-94a3-4498552a57ee
5b83fdd4dcbaa91868beff31,后端开发工程师（成都校招）,四川 成都市,"['负责知乎社区治理等 web 产品的后端开发工作，主要开发语言为 Python & Golang；', '与产品、技术一起探讨、设计、实现产品的新功能及改进块；', '与基础架构工程师、运维工程师一起实现稳定、可扩展的后台服务；', '数据驱动，不断通过产品和技术数据进行改进，并完成快速迭代 计算机相关基础知识扎实，了解常用数据结构和算法。']","['掌握至少一门编程语言，如 Python、Golang、Java、PHP 等；', '熟悉常用的 Web 开发相关技术， Web 框架、HTTP/HTTPS 协议、Web 安全等；', '掌握关系数据库及 SQL 相关知识，了解基本的设计和优化原；', '良好的沟通能力，有团队合作精神和责任感；', '很强的学习能力，有主动性和上进心，能承担压力；']","['熟悉 Python 语言，了解 Gevent、Tornado 等异步开发框架或模型；', '在开源社区有作品，或向社区提交过 bug 或 patch；', '有使用 Elasticsearch 的经验；', '有前端开发经验，了解 HTML、CSS、JavaScript，熟悉 React / Vue 加分']",https://app.mokahr.com/campus_apply/zhihu#/job/e1a4dc89-9753-4129-8b62-b08648916e74
5b83fdd5dcbaa91868beff32,搜索研发工程师（校招）,北京市 海淀区,"['跟产品设计师、工程师协作，用 Scala／Go／Python 设计并实现令人振奋的搜索产品；', '至少掌握 Java／Python／C++ 中一门编程语言，熟练掌握后端开发相关知识；', '对计算机相关基础知识有较好理解；', '热爱互联网，对搜索技术、个性化推荐技术、探索未知领域有浓厚的兴趣；', '优秀的分析问题和解决问题的能力，对解决具有挑战性问题充满激情。']","['熟悉 Elasticsearch／Solr／Lucene 中一种或多种；', '日常使用 *nix 系统，日常编程使用 Vim/Emacs 等编辑器；', '对开源技术有强烈的兴趣和爱好，参与或向开发者提交过 bug 和 patch 者优先。']",[],https://app.mokahr.com/campus_apply/zhihu#/job/55e0067f-d583-4170-88af-bb6e01e237c4
5b83fdd6dcbaa91868beff33,iOS 基础架构工程师（校招）,北京市 海淀区,"['负责建设移动端基础设施和基础服务，支撑各业务线高效稳定迭代。', '负责解决研发过程中遇到的关键问题和技术难题。', '负责移动平台新技术研究、功能扩展、现有开发方法的改进。', '负责客户端相关 SDK 的开发、维护、文档完善。']","['优秀的数据结构与算法基础，熟练掌握 OC 或 Swift 语言', '对代码的可复用、可扩展有深刻理解', '具备优秀的沟通和协调能力，良好的服务精神及团队合作能力，责任心强', '具备良好的分析解决问题能力，并主动推动项目进展并达成项目目标']","['有 iOS 作品和开源项目者优先', '熟悉至少一门脚本语言，独立使用该脚本并开发自动化工具经验']",https://app.mokahr.com/campus_apply/zhihu#/job/74a083cf-0ce5-4871-8883-891bd4aceb71
5b83fddbdcbaa91868beff34,C++ 工程师（校招）,北京市 海淀区,"['负责在 Android/iOS 下音视频底层 SDK 的核心功能开发；', '负责 SKD 的接口设计、性能优化以及维护等工作；']","['本科及以上学历，计算机相关专业毕业；', '具备扎实的 C/C++ 基础，能熟练的使用多线程， STL 类库，具备有良好的代码风格。', '具备独立模块开发经验，有一定的框架设计能力和调试能力。', '熟悉 JNI 开发，具有 NDK 开发经验，或具有 OC 开发经验。', '具有以下经验者优先：', '\xa0\xa0- 音视频编解码相关开发经验， FFmpeg 开发经验者优先', '\xa0\xa0- 具有 OpenGL/OpenGL ES 开发经验者优先', '\xa0\xa0- 具有 Android/iOS 底层 SDK 开发经验者优先', '\xa0\xa0- 具有接口设计经验以及 SDK 集成经验']",[],https://app.mokahr.com/campus_apply/zhihu#/job/1d7d3c67-aa68-4c6f-a508-cb103998e6db
5b83fddedcbaa91868beff35,iOS 开发工程师（校招）,北京市 海淀区,"['根据产品的需求，完成 iPhone 和 iPad 端的程序开发；', '负责解决开发过程中遇到的问题，能参与对产品的维护和重构。']","['具有良好的数据结构与算法基础、网络基础；', '熟悉 Objective-C 或 Swift 语言、Cocoa Frameworks 和 MVC 设计模式；', '对代码质量有比较高的要求，追求可维护可复用的代码；', '对界面美观度和用户体验有较强的敏感度；', '有强烈的求知欲和进取心，对新技术有持续的热情。']","['知乎产品的重度用户；', '有 RxSwift, Texuture, ComponentKit 等开发经验者优先；', '对开源技术有强烈的兴趣和爱好，参与或向开发者提交过 issue 和 patch。']",https://app.mokahr.com/campus_apply/zhihu#/job/bc7be3a6-6ffb-48c5-b400-99d9bfaa285d
5b83fde0dcbaa91868beff36,Android 开发工程师（校招）,北京市 海淀区,"['根据产品需求，为知乎开发酷而优雅的移动端产品；', '参与产品的维护和重构，不断提升工程质量具有良好的数据结构与算法基础，熟练掌握 Java 语言，熟悉网络编程。']","['丰富的 Android 知识及应用能力，能写出漂亮的界面，也能写出良好的性能和稳定性；', '对代码质量有要求，追求可维护可复用的代码。']","['知乎产品的重度用户；', '有求知欲，热爱学习新知识，了解最新的 Android 技术动态；', '了解 Android 平台的设计，例如 Material Design 等；', '良好的沟通能力和合作精神，有责任感；', '对开源技术有强烈的兴趣和爱好，参与或向开发者提交过 issue 和 patch。']",https://app.mokahr.com/campus_apply/zhihu#/job/d598ff98-e6c0-4e3f-a8c6-d1036dfc3685
5b83fde2dcbaa91868beff37,前端开发工程师（校招）,北京市 海淀区,"['与产品设计师、后端工程师协作，参与设计和开发知乎产品；', '包括但不限于知乎主站、APP 、编辑器、Hybrid 、小程序等方向。']","['有扎实的前端技术基础，包括但不限于 HTML、CSS、JavaScript、DOM；', '对计算机相关基础知识有较好的理解，熟悉服务端开发技术；', '熟悉常见的前端框架、库、工具，例如：jQuery、AngularJS、Backbone.js、React、Grunt、Gulp 等；', '有复杂用户界面与交互应用开发经验，在乎设计细节，能够发现并反馈设计稿中的缺陷。']","['有复杂项目的架构设计经验或规范制定经验；', '有过深入研究某一方面的前端技术的经验，能够有自己的理解和看法；', '知乎重度用户。']",https://app.mokahr.com/campus_apply/zhihu#/job/f8c501af-cf2f-4bce-8db3-81318b2959df
5b83fde4dcbaa91868beff38,Android 基础架构工程师（校招）,北京市 海淀区,"['建设移动端基础设施和共享服务，支撑各业务线高效稳定迭代', '提升移动端整体工程效率和质量，参与 DevOps 建设', '新技术的调研和引入']","['良好的数据结构与算法基础，熟练掌握 Java 语言，熟悉网络编程', '对代码的可复用、可扩展有深刻理解', '良好的沟通能力和合作精神，有责任感', '有求知欲，热爱学习新知识，了解最新的移动端技术动态']",[],https://app.mokahr.com/campus_apply/zhihu#/job/a0288bb7-e13a-44bb-9479-699317389fef
5b83fde6dcbaa91868beff39,Web 后端开发工程师（校招）,北京市 海淀区,"['在工程师的指导下，开发和维护知乎大学的商业产品；', '涉及的技术场景包括但不限于：Web 开发、API 接口开发、微信小程序开发、数据统计分析等。']","['计算机或相关理工科专业学习背景，本科以上在校学生；\xa0', '最少三个月、每周至少三天的实习时间；', '基础扎实，逻辑性强，良好的沟通协调能力和团队合作能力，有较强的学习能力；', '加分项：熟悉 Python、Golang、知乎活跃用户、开源项目爱好者；', '简历请尽可能附上个人项目实践经历，可提供 Github 或个人 blog 信息。']",[],https://app.mokahr.com/campus_apply/zhihu#/job/dd6476bf-891c-480c-8022-36cc72280e28
5b83fdf0dcbaa91868beff3a,测试开发工程师（校招）,北京市 海淀区,"['深入理解知乎各业务线的产品需求，制定测试计划，编写测试用例，执行知乎客户端和 Web 端的功能、接口、性能等方面的测试', '跟进并优化知乎产品的项目流程和测试流程，保证产品质量', '开发和维护 API 测试、遍历测试、UI 测试等自动化测试工具，编写和维护自动化测试用例', '设计、构建和优化持续交付流程，开发和维护相关的持续交付工具']","['熟悉 Python、Java、Objective-C\u200e、Golang 中的一种语言，熟悉 Linux 编程环境；', '有良好的团队合作精神，责任感强，有较好的沟通能力，主动性强；', '有优秀的质量意识，学习能力强，热爱测试工作；', '计算机相关专业， 基础知识扎实；']",['有互联网测试或者开发相关的实习经验'],https://app.mokahr.com/campus_apply/zhihu#/job/c3291fb9-36d2-47ce-ad28-ae5ab57a12bd
5b83fdf3dcbaa91868beff3b,广告算法工程师（校招）,北京市 海淀区,"['1、 负责广告策略研发，包括 CTR 预估，用户行为分析，广告定向，广告相关性等方向；', '2、 负责提升在线广告相关度，用户体验，投放效果和变现能力。']","['1、 计算机软件或相关专业毕业；', '2、 熟悉常见数据挖掘及机器学习算法，如回归、分类、聚类等；', '3、 有一定的 Hadoop、Spark、Hive 等实际工作经验；', '4、 有计算广告、推荐系统、用户行为研究或搜索引擎等相关项目经验者优先。']",[],https://app.mokahr.com/campus_apply/zhihu#/job/8009d236-b2f3-4c4c-b20d-8f580fe22e44
5b83fdf5dcbaa91868beff3c,广告引擎工程师（校招）,北京市 海淀区,"['1、 广告投放系统设计、开发及优化', '2、 设计及开发大数据高性能分布式处理平台；', '3、 高效的解决系统中存在的问题，并持续优化。']","['1、 计算机相关专业，对技术充满热情；', '2、 有 Unix/Linux 环境下开发经验，熟练使用脚本语言（ Perl/Python/PHP，至少一种）；', '3、 熟悉 C/C++/Golang 语言至少一种；熟悉各种设计模式 ；', '4、 有责任感、可承受多任务并行的工作压力；', '5、 重视沟通，具备自主的学习能力并能够指导他人， 最好有带团队工作经验；', '6、 熟悉了解互联网相关开源技术（如 Nginx、Kafka、Redis、Zookeeper 等）；', '7、 熟练掌握 Linux 网络编程技术；理解缓存、消息队列、分布式系统原理。']",[],https://app.mokahr.com/campus_apply/zhihu#/job/edfb62e7-66d9-46b7-a5ab-cd04018b0cdb
5b83fdfbdcbaa91868beff3d,数据平台开发工程师（校招）,北京市 海淀区,"['参与设计和开发知乎数据平台，为公司提供数据存储、分析、计算、可视化支持', '理解并合理抽象不同业务需求，做较通用和系统性的支持']","['熟悉linux开发环境，了解分布式系统设计，对数据敏感，善于从数据中发现疑点', '具备强悍的编码能力，熟悉 SQL，Java，Hive，Spark 等，有大数据处理经验者优先', '对技术有钻研精神，学习能力强', '善于沟通，具备优秀的技术与业务结合能力']",[],https://app.mokahr.com/campus_apply/zhihu#/job/af95e266-fa67-4c50-94ab-c9e25a6fc5b7
5b83fdfddcbaa91868beff3e,架构平台开发工程师（校招）,北京市 海淀区,"['负责知乎私有云平台的设计和开发，为业务团队提供完善高效的工作平台', '负责基础组件（存储、队列、容器等）以及服务框架的开发和维护', '负责持续改善基础系统以及核心架构的可靠性和扩展性']","['至少熟悉 Python, Go, C/C++ 中的一门语言', '熟悉常用 Web 开发相关技术，如 Web 框架、HTTP 协议等', '熟悉操作系统和计算机网络', '有责任心，主动驱动，问题导向的工作意识']",[],https://app.mokahr.com/campus_apply/zhihu#/job/7d433d95-31f4-4253-8023-9cb56aa93d64
_id,title,location,responsibilities,qualifications,pluses,id,category,url
5b8620a1dcbaa932c529a99b,前端研发工程师,厦门,"['1、负责产品Web前端的实现，协助各产品网页的性能优化，包含PC/Wap/Hybrid；', '2、负责数据平台的可视化，设计或选用前端基础组件，搭建大型网页应用；', '3、尝试更快更灵活的Webview新功能或体验优化。']","['1、本科及以上学历，计算机相关专业；', '2、热爱计算机科学和互联网技术，对各种Web前端技术有深刻理解；', '3、关注Web发展，对新技术充满激情，期待或者已经开发出优秀的产品；', '4、 理解RIA，有Ajax相关的实践经验，对React.js，VUE.js，Angular.js等MVVM框架能熟练运用至少一种，且了解其基本原理；', '5、对可用性、可访问性等相关知识有实际的了解和实践经验；', '6、熟悉服务器端Web应用结构，有服务器端脚本语言经验更佳；', '7、团队精神，性格乐观，能积极面对压力。']",,25510,前端,https://job.bytedance.com/job/detail/25510
5b8620a1dcbaa932c529a99c,后端研发工程师,厦门,"['1、负责架构设计和开发，为亿级用户提供优质顺畅的信息服务和极致体验；\xa0', '2、参与设计系统技术方案，核心代码开发和系统调优；\xa0', '3、参与制定代码规范、测试规范，建立起开发质量控制方法；\xa0', '4、协助团队攻克各种高并发、数据隔离、系统解耦等方面的技术难关；\xa0', '5、参与各专项技术调研，新技术引入等前瞻项目；', '6、参与机器学习与异构计算系统研发。']","['1、本科及以上学历，计算机相关专业；\xa0', '2、热爱计算机科学和互联网技术，精通至少一门编程语言，包括但不仅限于：Java、C、C++、PHP、 Python、Go；\xa0', '3、掌握扎实的计算机基础知识，深入理解数据结构、算法和操作系统知识；', '4、有优秀的逻辑分析能力，能够对业务逻辑进行合理的抽象和拆分；', '5、有强烈的求知欲，优秀的学习和沟通能力。']",,25509,后端,https://job.bytedance.com/job/detail/25509
5b8620a1dcbaa932c529a99d,安全研究员,北京,"['1、负责在软件安全、数据安全、反欺诈、风险控制等领域开展前沿技术研究；', '2、参与和推动技术落地到产品；', '3、参与研发以安全技术为核心的新产品。']","['1、博士、硕士或本科学历，计算机、统计、数学或相关专业；', '2、有以下领域之一的研究积累者优先：', '     a) 软件安全：静态分析、动态分析、模糊测试、形式验证、模型检测；', '     b) 数据分析：大数据分析和挖掘、机器学习；', '3、扎实的数据结构和算法基础，精通至少一门编程语言，如：Rust, Python, Go, C/C++；', '4、分析和解决问题及独立开展工作的的能力，对挑战性问题和新技术充满激情。']",,24733,安全,https://job.bytedance.com/job/detail/24733
5b8620a2dcbaa932c529a99e,H5游戏开发工程师,北京,"['1、负责字节跳动相关产品的 H5 游戏/小游戏的前端开发；', '2、负责接口设计、开发和维护，对游戏的质量和体验负责。']","['1、掌握 JavaScript 语言、ES6 规范、通信协议、网络等前端知识；', '2、熟悉 H5，熟练至少一款游戏引擎及相应编辑器，如 Cocos2d，Layabox，Egret 等；', '3、对游戏制作充满热情，有一定的游戏产品 sense；', '4、掌握前端常用的构建工具，webpack/gulp/rollup 等；', '5、热爱前端技术，有强烈的好奇心和求知欲，有良好的编码规范。']",,24220,前端,https://job.bytedance.com/job/detail/24220
5b8620a2dcbaa932c529a99f,算法工程师,深圳,"['1、利用机器学习技术，改进头条的推荐、广告系统，优化数亿用户的阅读体验；', '2、分析基础数据，挖掘用户兴趣、文章价值，增强推荐、广告系统的预测能力；', '3、分析用户商业意图，挖掘流量潜在商业价值，提升流量变现；', '4、研究计算机视觉算法，给用户提供更多更酷炫的功能；', '5、研发机器翻译与对话技术，促进跨语言内容理解与交流。']","['1、本科及以上学历，计算机、机器学习和模式识别相关专业；', '2、热爱计算机科学和互联网技术，对人工智能类产品有浓厚兴趣；', '3、具备强悍的编码能力，熟悉 linux 开发环境，熟悉 C++ 和 Python 语言优先；', '4、有扎实的数据结构和算法功底，熟悉机器学习、自然语言处理、数据挖掘、分布式计算、计算机视觉、计算机图形、语音识别与合成中一项或多项；', '5、对推荐系统、计算广告、搜索引擎、对话问答、图像和视频分析处理相关技术有经验者优先；', '6、优秀的分析问题和解决问题的能力，对解决具有挑战性问题充满激情。']",,24201,算法,https://job.bytedance.com/job/detail/24201
5b8620a2dcbaa932c529a9a0,算法工程师,上海,"['1、利用机器学习技术，改进头条的推荐、广告系统，优化数亿用户的阅读体验；', '2、分析基础数据，挖掘用户兴趣、文章价值，增强推荐、广告系统的预测能力；', '3、分析用户商业意图，挖掘流量潜在商业价值，提升流量变现；', '4、研究计算机视觉算法，给用户提供更多更酷炫的功能；', '5、研发机器翻译与对话技术，促进跨语言内容理解与交流。']","['1、本科及以上学历，计算机、机器学习和模式识别相关专业；', '2、热爱计算机科学和互联网技术，对人工智能类产品有浓厚兴趣；', '3、具备强悍的编码能力，熟悉 linux 开发环境，熟悉 C++ 和 Python 语言优先；', '4、有扎实的数据结构和算法功底，熟悉机器学习、自然语言处理、数据挖掘、分布式计算、计算机视觉、计算机图形、语音识别与合成中一项或多项；', '5、对推荐系统、计算广告、搜索引擎、对话问答、图像和视频分析处理相关技术有经验者优先；', '6、优秀的分析问题和解决问题的能力，对解决具有挑战性问题充满激情。']",,24199,算法,https://job.bytedance.com/job/detail/24199
5b8620a2dcbaa932c529a9a1,算法工程师,门罗帕克,"['1、利用机器学习技术，改进头条的推荐、广告系统，优化数亿用户的阅读体验；', '2、分析基础数据，挖掘用户兴趣、文章价值，增强推荐、广告系统的预测能力；', '3、分析用户商业意图，挖掘流量潜在商业价值，提升流量变现；', '4、研究计算机视觉算法，给用户提供更多更酷炫的功能；', '5、研发机器翻译与对话技术，促进跨语言内容理解与交流。']","['1、本科及以上学历，计算机、机器学习和模式识别相关专业；', '2、热爱计算机科学和互联网技术，对人工智能类产品有浓厚兴趣；', '3、具备强悍的编码能力，熟悉 linux 开发环境，熟悉 C++ 和 Python 语言优先；', '4、有扎实的数据结构和算法功底，熟悉机器学习、自然语言处理、数据挖掘、分布式计算、计算机视觉、计算机图形、语音识别与合成中一项或多项；', '5、对推荐系统、计算广告、搜索引擎、对话问答、图像和视频分析处理相关技术有经验者优先；', '6、优秀的分析问题和解决问题的能力，对解决具有挑战性问题充满激情。']",,24198,算法,https://job.bytedance.com/job/detail/24198
5b8620a2dcbaa932c529a9a2,算法工程师,北京,"['1、利用机器学习技术，改进头条的推荐、广告系统，优化数亿用户的阅读体验；', '2、分析基础数据，挖掘用户兴趣、文章价值，增强推荐、广告系统的预测能力；', '3、分析用户商业意图，挖掘流量潜在商业价值，提升流量变现；', '4、研究计算机视觉算法，给用户提供更多更酷炫的功能；', '5、研发机器翻译与对话技术，促进跨语言内容理解与交流。']","['1、本科及以上学历，计算机、机器学习和模式识别相关专业；', '2、热爱计算机科学和互联网技术，对人工智能类产品有浓厚兴趣；', '3、具备强悍的编码能力，熟悉 linux 开发环境，熟悉 C++ 和 Python 语言优先；', '4、有扎实的数据结构和算法功底，熟悉机器学习、自然语言处理、数据挖掘、分布式计算、计算机视觉、计算机图形、语音识别与合成中一项或多项；', '5、对推荐系统、计算广告、搜索引擎、对话问答、图像和视频分析处理相关技术有经验者优先；', '6、优秀的分析问题和解决问题的能力，对解决具有挑战性问题充满激情。']",,24196,算法,https://job.bytedance.com/job/detail/24196
5b8620a2dcbaa932c529a9a3,前端开发工程师,武汉,"['1、负责产品Web前端的实现，协助各产品网页的性能优化；', '2、负责数据平台的可视化，设计或选用前端基础组件，搭建大型网页应用；', '3、尝试更快更灵活的Webview新功能或体验优化。']","['1、本科及以上学历，计算机相关专业；', '2、热爱计算机科学和互联网技术，对各种Web前端技术有深刻理解；', '3、关注Web发展，对新技术充满激情，期待或者已经开发出优秀的产品；', '4、 理解RIA，有Ajax相关的实践经验，对React.js，VUE.js，Angular.js等MVVM框架能熟练运用至少一种，且了解其基本原理；', '5、对可用性、可访问性等相关知识有实际的了解和实践经验；', '6、熟悉服务器端Web应用结构，有服务器端脚本语言经验更佳；', '7、团队精神，性格乐观，能积极面对压力。']",,24193,前端,https://job.bytedance.com/job/detail/24193
5b8620a3dcbaa932c529a9a4,前端开发工程师,深圳,"['1、负责产品Web前端的实现，协助各产品网页的性能优化；', '2、负责数据平台的可视化，设计或选用前端基础组件，搭建大型网页应用；', '3、尝试更快更灵活的Webview新功能或体验优化。']","['1、本科及以上学历，计算机相关专业；', '2、热爱计算机科学和互联网技术，对各种Web前端技术有深刻理解；', '3、关注Web发展，对新技术充满激情，期待或者已经开发出优秀的产品；', '4、 理解RIA，有Ajax相关的实践经验，对React.js，VUE.js，Angular.js等MVVM框架能熟练运用至少一种，且了解其基本原理；', '5、对可用性、可访问性等相关知识有实际的了解和实践经验；', '6、熟悉服务器端Web应用结构，有服务器端脚本语言经验更佳；', '7、团队精神，性格乐观，能积极面对压力。']",,24192,前端,https://job.bytedance.com/job/detail/24192
5b8620a3dcbaa932c529a9a5,前端开发工程师,上海,"['1、负责产品Web前端的实现，协助各产品网页的性能优化；', '2、负责数据平台的可视化，设计或选用前端基础组件，搭建大型网页应用；', '3、尝试更快更灵活的Webview新功能或体验优化。']","['1、本科及以上学历，计算机相关专业；', '2、热爱计算机科学和互联网技术，对各种Web前端技术有深刻理解；', '3、关注Web发展，对新技术充满激情，期待或者已经开发出优秀的产品；', '4、 理解RIA，有Ajax相关的实践经验，对React.js，VUE.js，Angular.js等MVVM框架能熟练运用至少一种，且了解其基本原理；', '5、对可用性、可访问性等相关知识有实际的了解和实践经验；', '6、熟悉服务器端Web应用结构，有服务器端脚本语言经验更佳；', '7、团队精神，性格乐观，能积极面对压力。']",,24191,前端,https://job.bytedance.com/job/detail/24191
5b8620a3dcbaa932c529a9a6,前端开发工程师,成都,"['1、负责产品Web前端的实现，协助各产品网页的性能优化；', '2、负责数据平台的可视化，设计或选用前端基础组件，搭建大型网页应用；', '3、尝试更快更灵活的Webview新功能或体验优化。']","['1、本科及以上学历，计算机相关专业；', '2、热爱计算机科学和互联网技术，对各种Web前端技术有深刻理解；', '3、关注Web发展，对新技术充满激情，期待或者已经开发出优秀的产品；', '4、 理解RIA，有Ajax相关的实践经验，对React.js，VUE.js，Angular.js等MVVM框架能熟练运用至少一种，且了解其基本原理；', '5、对可用性、可访问性等相关知识有实际的了解和实践经验；', '6、熟悉服务器端Web应用结构，有服务器端脚本语言经验更佳；', '7、团队精神，性格乐观，能积极面对压力。']",,24190,前端,https://job.bytedance.com/job/detail/24190
5b8620a3dcbaa932c529a9a7,前端开发工程师,北京,"['1、负责产品Web前端的实现，协助各产品网页的性能优化；', '2、负责数据平台的可视化，设计或选用前端基础组件，搭建大型网页应用；', '3、尝试更快更灵活的Webview新功能或体验优化。']","['1、本科及以上学历，计算机相关专业；', '2、热爱计算机科学和互联网技术，对各种Web前端技术有深刻理解；', '3、关注Web发展，对新技术充满激情，期待或者已经开发出优秀的产品；', '4、 理解RIA，有Ajax相关的实践经验，对React.js，VUE.js，Angular.js等MVVM框架能熟练运用至少一种，且了解其基本原理；', '5、对可用性、可访问性等相关知识有实际的了解和实践经验；', '6、熟悉服务器端Web应用结构，有服务器端脚本语言经验更佳；', '7、团队精神，性格乐观，能积极面对压力。']",,24188,前端,https://job.bytedance.com/job/detail/24188
5b8620a3dcbaa932c529a9a8,大数据工程师,上海,"['1、负责字节跳动海量用户行为数据的处理，在分布式计算平台基础上建立高效、实时的数据 pipeline； ', '2、负责推荐系统、广告系统的数据分析，发现模式与规律，为实验解释、系统改进提供数据支持； ', '3、负责 Hadoop，Spark 等大数据基础设施和平台的改进，解决大规模生产环境集群可用性和性能优化问题。']","['1、本科及以上学历，计算机相关专业；', '2、热爱计算机科学和互联网技术，优秀的编码能力，乐于快速学习和尝试新技术、新工具；', '3、对数据敏感，掌握量化分析方法，善于从数据中发现问题，提出假设并使用数据进行验证；', '4、对至少一项分布式计算平台有使用经验，例如 Hadoop，Spark，Hive，Storm，Kafka 等；', '5、有参与开源项目对社区有贡献的经历，有互联网公司实习经历，有大数据处理或用户行为数据分析经验者优先。']",,24187,数据挖掘,https://job.bytedance.com/job/detail/24187
5b8620a4dcbaa932c529a9a9,大数据工程师,北京,"['1、负责字节跳动海量用户行为数据的处理，在分布式计算平台基础上建立高效、实时的数据 pipeline； ', '2、负责推荐系统、广告系统的数据分析，发现模式与规律，为实验解释、系统改进提供数据支持； ', '3、负责 Hadoop，Spark 等大数据基础设施和平台的改进，解决大规模生产环境集群可用性和性能优化问题。']","['1、本科及以上学历，计算机相关专业；', '2、热爱计算机科学和互联网技术，优秀的编码能力，乐于快速学习和尝试新技术、新工具；', '3、对数据敏感，掌握量化分析方法，善于从数据中发现问题，提出假设并使用数据进行验证；', '4、对至少一项分布式计算平台有使用经验，例如 Hadoop，Spark，Hive，Storm，Kafka 等；', '5、有参与开源项目对社区有贡献的经历，有互联网公司实习经历，有大数据处理或用户行为数据分析经验者优先。']",,24185,数据挖掘,https://job.bytedance.com/job/detail/24185
5b8620a4dcbaa932c529a9aa,测试开发工程师,深圳,"['1、深度参与产品研发项目， 协同产品和研发团队高质量交付产品；', '2、参与质量体系规划和建设；', '3、参与开发效率工具和保证技术项目质量；', '4、追踪并分析线上线下故障。']","['1、本科及以上学历，计算机相关专业； ', '2、热爱计算机科学和互联网技术，对软件质量保障工作有浓厚兴趣； ', '3、扎实的数据结构和算法基础；熟悉至少一门编程语言，包括但不仅限于：Java、OC、C、C++、Python、Go、PHP；', '4、优秀的产品意识， 对市场上典型App有自己的想法和改进方案；', '5、快速适应和学习能力，善于发现和定位问题；', '6、了解常用客户端、服务端开发或测试工具， 如自动化框架、压测工具、大数据处理工具者优先。']",,24182,测试,https://job.bytedance.com/job/detail/24182
5b8620a4dcbaa932c529a9ab,测试开发工程师,上海,"['1、深度参与产品研发项目， 协同产品和研发团队高质量交付产品；', '2、参与质量体系规划和建设；', '3、参与开发效率工具和保证技术项目质量；', '4、追踪并分析线上线下故障。']","['1、本科及以上学历，计算机相关专业； ', '2、热爱计算机科学和互联网技术，对软件质量保障工作有浓厚兴趣； ', '3、扎实的数据结构和算法基础；熟悉至少一门编程语言，包括但不仅限于：Java、OC、C、C++、Python、Go、PHP；', '4、优秀的产品意识， 对市场上典型App有自己的想法和改进方案；', '5、快速适应和学习能力，善于发现和定位问题；', '6、了解常用客户端、服务端开发或测试工具， 如自动化框架、压测工具、大数据处理工具者优先。']",,24179,测试,https://job.bytedance.com/job/detail/24179
5b8620a4dcbaa932c529a9ac,测试开发工程师,北京,"['1、深度参与产品研发项目， 协同产品和研发团队高质量交付产品；', '2、参与质量体系规划和建设；', '3、参与开发效率工具和保证技术项目质量；', '4、追踪并分析线上线下故障。']","['1、本科及以上学历，计算机相关专业； ', '2、热爱计算机科学和互联网技术，对软件质量保障工作有浓厚兴趣； ', '3、扎实的数据结构和算法基础；熟悉至少一门编程语言，包括但不仅限于：Java、OC、C、C++、Python、Go、PHP；', '4、优秀的产品意识， 对市场上典型App有自己的想法和改进方案；', '5、快速适应和学习能力，善于发现和定位问题；', '6、了解常用客户端、服务端开发或测试工具， 如自动化框架、压测工具、大数据处理工具者优先。']",,24177,测试,https://job.bytedance.com/job/detail/24177
5b8620a4dcbaa932c529a9ad,硬件开发工程师,北京,"['1、基于FPGA等专用硬件实现数据中心内算法及任务的加速，包括而不限于：机器学习、视频编解码、数据压缩、网络协议栈等；', '2、针对数据中心内的各种应用场景，进行硬件设计、优化和验证以及FPGA开发和部署，实现任务处理的高效率、高吞吐率、低延时、低功耗，同时降低数据中心的整体成本。']","['1、有硬件设计思维，熟悉RTL设计或功能验证；', '2、了解FPGA或ASIC的开发流程；', '3、了解PCIe、DDR等协议或AMBA等总线协议；', '4、对计算机系统有一定理解，有软硬件协同设计的背景知识；', '5、有较强的学习能力和沟通能力；', '6、有以下领域之一的技术积累：', '    1）熟悉计算机系统结构，了解CPU的工作原理或常见的SoC架构；', '    2）熟悉神经网络等机器学习算法的原理；', '    3）有机器学习、视频处理、数据压缩或其他算法硬件加速的经验；', '    4）了解AI芯片架构发展方向，有机器学习实际应用的经验；', '    5）有基于FPGA的开发经验或ASIC设计经验。']",,24175,运维,https://job.bytedance.com/job/detail/24175
5b8620a4dcbaa932c529a9ae,后端开发工程师,武汉,"['1、负责架构设计和开发，为亿级用户提供优质顺畅的信息服务和极致体验； ', '2、参与设计系统技术方案，核心代码开发和系统调优； ', '3、参与制定代码规范、测试规范，建立起开发质量控制方法； ', '4、协助团队攻克各种高并发、数据隔离、系统解耦等方面的技术难关； ', '5、参与各专项技术调研，新技术引入等前瞻项目；', '6、参与机器学习与异构计算系统研发。']","['1、本科及以上学历，计算机相关专业； ', '2、热爱计算机科学和互联网技术，精通至少一门编程语言，包括但不仅限于：Java、C、C++、PHP、 Python、Go； ', '3、掌握扎实的计算机基础知识，深入理解数据结构、算法和操作系统知识；', '4、有优秀的逻辑分析能力，能够对业务逻辑进行合理的抽象和拆分；', '5、有强烈的求知欲，优秀的学习和沟通能力。']",,24173,后端,https://job.bytedance.com/job/detail/24173
5b8620a4dcbaa932c529a9af,后端开发工程师,深圳,"['1、负责架构设计和开发，为亿级用户提供优质顺畅的信息服务和极致体验； ', '2、参与设计系统技术方案，核心代码开发和系统调优； ', '3、参与制定代码规范、测试规范，建立起开发质量控制方法； ', '4、协助团队攻克各种高并发、数据隔离、系统解耦等方面的技术难关； ', '5、参与各专项技术调研，新技术引入等前瞻项目；', '6、参与机器学习与异构计算系统研发。']","['1、本科及以上学历，计算机相关专业； ', '2、热爱计算机科学和互联网技术，精通至少一门编程语言，包括但不仅限于：Java、C、C++、PHP、 Python、Go； ', '3、掌握扎实的计算机基础知识，深入理解数据结构、算法和操作系统知识；', '4、有优秀的逻辑分析能力，能够对业务逻辑进行合理的抽象和拆分；', '5、有强烈的求知欲，优秀的学习和沟通能力。']",,24171,后端,https://job.bytedance.com/job/detail/24171
5b8620a4dcbaa932c529a9b0,后端开发工程师,上海,"['1、负责架构设计和开发，为亿级用户提供优质顺畅的信息服务和极致体验； ', '2、参与设计系统技术方案，核心代码开发和系统调优； ', '3、参与制定代码规范、测试规范，建立起开发质量控制方法； ', '4、协助团队攻克各种高并发、数据隔离、系统解耦等方面的技术难关； ', '5、参与各专项技术调研，新技术引入等前瞻项目；', '6、参与机器学习与异构计算系统研发。']","['1、本科及以上学历，计算机相关专业； ', '2、热爱计算机科学和互联网技术，精通至少一门编程语言，包括但不仅限于：Java、C、C++、PHP、 Python、Go； ', '3、掌握扎实的计算机基础知识，深入理解数据结构、算法和操作系统知识；', '4、有优秀的逻辑分析能力，能够对业务逻辑进行合理的抽象和拆分；', '5、有强烈的求知欲，优秀的学习和沟通能力。']",,24169,后端,https://job.bytedance.com/job/detail/24169
5b8620a5dcbaa932c529a9b1,后端开发工程师,西雅图,"['1、负责架构设计和开发，为亿级用户提供优质顺畅的信息服务和极致体验； ', '2、参与设计系统技术方案，核心代码开发和系统调优； ', '3、参与制定代码规范、测试规范，建立起开发质量控制方法； ', '4、协助团队攻克各种高并发、数据隔离、系统解耦等方面的技术难关； ', '5、参与各专项技术调研，新技术引入等前瞻项目；', '6、参与机器学习与异构计算系统研发。']","['1、本科及以上学历，计算机相关专业； ', '2、热爱计算机科学和互联网技术，精通至少一门编程语言，包括但不仅限于：Java、C、C++、PHP、 Python、Go； ', '3、掌握扎实的计算机基础知识，深入理解数据结构、算法和操作系统知识；', '4、有优秀的逻辑分析能力，能够对业务逻辑进行合理的抽象和拆分；', '5、有强烈的求知欲，优秀的学习和沟通能力。']",,24166,后端,https://job.bytedance.com/job/detail/24166
5b8620a5dcbaa932c529a9b2,后端开发工程师,成都,"['1、负责架构设计和开发，为亿级用户提供优质顺畅的信息服务和极致体验； ', '2、参与设计系统技术方案，核心代码开发和系统调优； ', '3、参与制定代码规范、测试规范，建立起开发质量控制方法； ', '4、协助团队攻克各种高并发、数据隔离、系统解耦等方面的技术难关； ', '5、参与各专项技术调研，新技术引入等前瞻项目；', '6、参与机器学习与异构计算系统研发。']","['1、本科及以上学历，计算机相关专业； ', '2、热爱计算机科学和互联网技术，精通至少一门编程语言，包括但不仅限于：Java、C、C++、PHP、 Python、Go； ', '3、掌握扎实的计算机基础知识，深入理解数据结构、算法和操作系统知识；', '4、有优秀的逻辑分析能力，能够对业务逻辑进行合理的抽象和拆分；', '5、有强烈的求知欲，优秀的学习和沟通能力。']",,24163,后端,https://job.bytedance.com/job/detail/24163
5b8620a5dcbaa932c529a9b3,后端开发工程师,北京,"['1、负责架构设计和开发，为亿级用户提供优质顺畅的信息服务和极致体验； ', '2、参与设计系统技术方案，核心代码开发和系统调优； ', '3、参与制定代码规范、测试规范，建立起开发质量控制方法； ', '4、协助团队攻克各种高并发、数据隔离、系统解耦等方面的技术难关； ', '5、参与各专项技术调研，新技术引入等前瞻项目；', '6、参与机器学习与异构计算系统研发。']","['1、本科及以上学历，计算机相关专业； ', '2、热爱计算机科学和互联网技术，精通至少一门编程语言，包括但不仅限于：Java、C、C++、PHP、 Python、Go； ', '3、掌握扎实的计算机基础知识，深入理解数据结构、算法和操作系统知识；', '4、有优秀的逻辑分析能力，能够对业务逻辑进行合理的抽象和拆分；', '5、有强烈的求知欲，优秀的学习和沟通能力。']",,24160,后端,https://job.bytedance.com/job/detail/24160
5b8620a5dcbaa932c529a9b4,多媒体开发工程师,上海,"['1、支持公司所有业务的多媒体研发工作；', '2、负责图像、音视频编解码实现与优化;', '3、负责图像、音视频算法研究与实现。']","['1、本科及以上学历，硕士以上学历，计算机、数字图像处理、信号处理、数学、多媒体等相关专业 ；', '2、熟悉常见的图像处理算法或者音视频编解码和算法，有一定数学功底； ', '3、具有扎实的编程功底，良好的设计能力和编程习惯；', '4、积极乐观，责任心强，工作认真细致，具备良好的服务意识，具有良好的团队沟通与协作能力。']",,24148,多媒体,https://job.bytedance.com/job/detail/24148
5b8620a5dcbaa932c529a9b5,多媒体开发工程师,北京,"['1、支持公司所有业务的多媒体研发工作；', '2、负责图像、音视频编解码实现与优化;', '3、负责图像、音视频算法研究与实现。']","['1、本科及以上学历，硕士以上学历，计算机、数字图像处理、信号处理、数学、多媒体等相关专业 ；', '2、熟悉常见的图像处理算法或者音视频编解码和算法，有一定数学功底； ', '3、具有扎实的编程功底，良好的设计能力和编程习惯；', '4、积极乐观，责任心强，工作认真细致，具备良好的服务意识，具有良好的团队沟通与协作能力。']",,24142,多媒体,https://job.bytedance.com/job/detail/24142
5b8620a5dcbaa932c529a9b6,测试工程师,深圳,"['1、深度参与产品研发项目， 协同产品经理、业务研发、用户反馈团队优质交付产品；', '2、参与质量体系规划、建设；', '3、线上线下故障追踪及分析；', '4、完善研发过程中质量和效率问题的发现机制, 并提出明确改进意见。']","['1、本科及以上学历，计算机、通信等相关专业；', '2、 认可快速发展阶段的移动互联网公司及文化；', '3、优秀的产品意识， 对市场上典型App有自己的想法和改进方案；', '4、快速适应和学习能力、热爱质量效率工作。']",,24129,测试,https://job.bytedance.com/job/detail/24129
5b8620a5dcbaa932c529a9b7,测试工程师,北京,"['1、深度参与产品研发项目， 协同产品经理、业务研发、用户反馈团队优质交付产品；', '2、参与质量体系规划、建设；', '3、线上线下故障追踪及分析；', '4、完善研发过程中质量和效率问题的发现机制, 并提出明确改进意见。']","['1、本科及以上学历，计算机、通信等相关专业；', '2、 认可快速发展阶段的移动互联网公司及文化；', '3、优秀的产品意识， 对市场上典型App有自己的想法和改进方案；', '4、快速适应和学习能力、热爱质量效率工作。']",,24127,测试,https://job.bytedance.com/job/detail/24127
5b8620a5dcbaa932c529a9b8,iOS开发工程师,武汉,"['1、负责产品迭代改进及移动新产品的开发； ', '2、参与 APP 性能、体验优化及质量监控评估体系建设； ', '3、参与客户端基础组件及架构设计, 推进研发效率； ', '4、参与 hybrid 容器搭建，插件、React Native 等动态技术调研。']","['1、本科及以上学历，计算机相关专业；', '2、热爱计算机科学和互联网技术，对移动产品有浓厚兴趣；', '3、扎实的数据结构和算法基础；精通至少一门编程语言，包括但不限于：Objective-C、Swift、C、C++、Java；', '4、关注用户体验，能够积极把技术转化到用户体验改进上；', '5、对新技术保持热情，具备良好的分析、解决问题的能力。']",,24122,客户端,https://job.bytedance.com/job/detail/24122
5b8620a6dcbaa932c529a9b9,iOS开发工程师,上海,"['1、负责产品迭代改进及移动新产品的开发； ', '2、参与 APP 性能、体验优化及质量监控评估体系建设； ', '3、参与客户端基础组件及架构设计, 推进研发效率； ', '4、参与 hybrid 容器搭建，插件、React Native 等动态技术调研。']","['1、本科及以上学历，计算机相关专业；', '2、热爱计算机科学和互联网技术，对移动产品有浓厚兴趣；', '3、扎实的数据结构和算法基础；精通至少一门编程语言，包括但不限于：Objective-C、Swift、C、C++、Java；', '4、关注用户体验，能够积极把技术转化到用户体验改进上；', '5、对新技术保持热情，具备良好的分析、解决问题的能力。']",,24119,客户端,https://job.bytedance.com/job/detail/24119
5b8620a6dcbaa932c529a9ba,iOS开发工程师,深圳,"['1、负责产品迭代改进及移动新产品的开发； ', '2、参与 APP 性能、体验优化及质量监控评估体系建设； ', '3、参与客户端基础组件及架构设计, 推进研发效率； ', '4、参与 hybrid 容器搭建，插件、React Native 等动态技术调研。']","['1、本科及以上学历，计算机相关专业；', '2、热爱计算机科学和互联网技术，对移动产品有浓厚兴趣；', '3、扎实的数据结构和算法基础；精通至少一门编程语言，包括但不限于：Objective-C、Swift、C、C++、Java；', '4、关注用户体验，能够积极把技术转化到用户体验改进上；', '5、对新技术保持热情，具备良好的分析、解决问题的能力。']",,24114,客户端,https://job.bytedance.com/job/detail/24114
5b8620a6dcbaa932c529a9bb,iOS开发工程师,北京,"['1、负责产品迭代改进及移动新产品的开发； ', '2、参与 APP 性能、体验优化及质量监控评估体系建设； ', '3、参与客户端基础组件及架构设计, 推进研发效率； ', '4、参与 hybrid 容器搭建，插件、React Native 等动态技术调研。']","['1、本科及以上学历，计算机相关专业；', '2、热爱计算机科学和互联网技术，对移动产品有浓厚兴趣；', '3、扎实的数据结构和算法基础；精通至少一门编程语言，包括但不限于：Objective-C、Swift、C、C++、Java；', '4、关注用户体验，能够积极把技术转化到用户体验改进上；', '5、对新技术保持热情，具备良好的分析、解决问题的能力。']",,24111,客户端,https://job.bytedance.com/job/detail/24111
5b8620a6dcbaa932c529a9bc,安全研究员,门罗帕克,"['1、负责在软件安全、数据安全、反欺诈、风险控制等领域开展前沿技术研究；', '2、参与和推动技术落地到产品；', '3、参与研发以安全技术为核心的新产品。']","['1、博士、硕士或本科学历，计算机、统计、数学或相关专业；', '2、有以下领域之一的研究积累者优先：', '     a) 软件安全：静态分析、动态分析、模糊测试、形式验证、模型检测；', '     b) 数据分析：大数据分析和挖掘、机器学习；', '3、扎实的数据结构和算法基础，精通至少一门编程语言，如：Rust, Python, Go, C/C++；', '4、分析和解决问题及独立开展工作的的能力，对挑战性问题和新技术充满激情。']",,24072,安全,https://job.bytedance.com/job/detail/24072
5b8620a6dcbaa932c529a9bd,安全工程师,北京,"['1、参与团队基础架构、业务安全的风险评估，安全体系的建设；', '2、参与安全自动化工具、平台的开发工作；', '3、参与部门安全管理、安全合规的工作，发现风险并推动整改具体措施落地。']","['1、本科及以上学历，掌握计算机、网络安全基础知识；', '2、具备Linux环境下开发能力，掌握python/shell/c/c++任一种语言；', '3、满足以下任意一条：', '    1）对web安全有浓厚的兴趣和实践经验，对OWASP漏洞（XSS,SQLInjection,CSRF,etc）原理与防御技术有一定的了解', '    2）有windows/Linux客户端安全攻防的经验，或了解Android/iOS移动安全', '    3）对密码学有研究，并且有实践或者实习项目经验', '    4）对安全合规、安全管理工作有兴趣或者实习经验', '4、有良好的团队合作精神，自我驱动；', '5、流畅的英语读写能力。']",,24065,安全,https://job.bytedance.com/job/detail/24065
5b8620a6dcbaa932c529a9be,AI Lab研究员,北京,"['1、负责在人工智能、大规模分布式系统等领域开展前沿技术研究；', '2、参与和推动技术落地到头条产品；', '3、参与研发以人工智能技术为核心的新产品。']","['1、博士学历，计算机相关专业； ', '2、有以下领域之一的研究积累（作为主要作者发表过ICML, NIPS, KDD, ACL, EMNLP, CVPR, ICCV, ECCV等论文）： ', '      a) 机器学习：深度学习、大规模优化算法、统计概率模型、强化学习、推荐算法、高性能加速算法等 ', '      b) 自然语言处理：语法解析、文本摘要、语言生成、对话系统、自动问答、机器翻译、文本分类、知识推理、信息抽取、信息检索等 ', '      c) 计算机视觉：图像视频分类、视频内容分析、文字检测和识别、场景理解、人脸识别、物体追踪等 ', '      d) 语音技术： 语音识别、语言模型、语音合成、唤醒检测、静音检测、降噪与阵列信号处理 ', '      e) 数据挖掘、社交网络分析、时间序列分析', '       f) 计算机图形学、增强现实 ', '      g) 人机交互 ', '      h) 并行计算、分布式系统', '3、具备较强的算法与编程能力，ACMICPC, NOI/IOI，Top coder，kaggle比赛获奖者优先； ', '4、沟通合作能力良好，与团队融洽相处； ', '5、具备独立开展工作的能力。']",,24060,算法,https://job.bytedance.com/job/detail/24060
5b8620a6dcbaa932c529a9bf,Unity3D游戏开发工程师,北京,"['1、参与游戏项目的开发，完成客户端模块的设计，开发，编程工作；', '2、参与设计可复用可扩展可重构的底层网络，热更，应用框架，3D框架，资源框架等；', '3、参与分析CPU、GPU、内存、IO功能等瓶颈，设计实现方案，并持续优化；', '4、参与美术资源规范制定，实现游戏中的各种酷炫效果；', '5、协同策划和美术，持续优化改善游戏。']","['1、本科及以上学历，计算机相关专业优先；', '2、熟悉C#语言及面向对象编程、具有严谨的逻辑思维能力；', '3、英语好，能够熟练阅读英文技术文档；', '4、有较好的数据结构和算法基础；', '5、加分项：了解Unity，熟悉计算机图形学；', '6、加分项：了解Lua；', '7、加分项：热爱游戏，有游戏开发经验优先。']",,24053,多媒体,https://job.bytedance.com/job/detail/24053
5b8620a6dcbaa932c529a9c0,移动端多媒体研发工程师,上海,"['参与字节跳动十余条产品线的多媒体SDK的研发工作，职责下面之一：', '1、负责视频录制及编辑功能开发，以及SDK对接上层短视频业务； ', '2、负责音频录制、编码、特效处理等功能开发，以及SDK对接上层音频相关业务；', '3、负责直播推流和播放器的研发工作，以及SDK对接上层直播业务；', '4、负责移动端视频特效、滤镜、美颜算法等图形图像功能开发。']","['1、本科及以上学历，计算机、通信等相关专业；', '2、熟悉C++/JAVA/ObjectC其中一种开发语言，具有扎实的编程功底，良好的设计能力和编程习惯；', '3、熟悉Android MediaCodec/iOS AVFoundation框架，了解FFmpeg源码或者WebRtc, 有移动端（Android/iOS）应用开发经验者优先；', '4、熟悉OpenGL，有图形方面开发经验者者优先；', '5、熟悉OpenCV，有图像识别等相关经验者优先; ', '6、积极乐观，责任心强，工作认真细致，具备良好的服务意识，良好的团队沟通与协作能力，具有一定的产品逻辑思维能力者优先。', '7、对多媒体技术开发兴趣浓厚者优先。']",,24050,多媒体,https://job.bytedance.com/job/detail/24050
5b8620a7dcbaa932c529a9c1,移动端多媒体研发工程师,深圳,"['参与字节跳动十余条产品线的多媒体SDK的研发工作，职责下面之一：', '1、负责视频录制及编辑功能开发，以及SDK对接上层短视频业务； ', '2、负责音频录制、编码、特效处理等功能开发，以及SDK对接上层音频相关业务；', '3、负责直播推流和播放器的研发工作，以及SDK对接上层直播业务；', '4、负责移动端视频特效、滤镜、美颜算法等图形图像功能开发。']","['1、本科及以上学历，计算机、通信等相关专业；', '2、熟悉C++/JAVA/ObjectC其中一种开发语言，具有扎实的编程功底，良好的设计能力和编程习惯；', '3、熟悉Android MediaCodec/iOS AVFoundation框架，了解FFmpeg源码或者WebRtc, 有移动端（Android/iOS）应用开发经验者优先；', '4、熟悉OpenGL，有图形方面开发经验者者优先；', '5、熟悉OpenCV，有图像识别等相关经验者优先; ', '6、积极乐观，责任心强，工作认真细致，具备良好的服务意识，良好的团队沟通与协作能力，具有一定的产品逻辑思维能力者优先。', '7、对多媒体技术开发兴趣浓厚者优先。']",,24045,多媒体,https://job.bytedance.com/job/detail/24045
5b8620a7dcbaa932c529a9c2,移动端多媒体研发工程师,北京,"['参与字节跳动十余条产品线的多媒体SDK的研发工作，职责下面之一：', '1、负责视频录制及编辑功能开发，以及SDK对接上层短视频业务； ', '2、负责音频录制、编码、特效处理等功能开发，以及SDK对接上层音频相关业务；', '3、负责直播推流和播放器的研发工作，以及SDK对接上层直播业务；', '4、负责移动端视频特效、滤镜、美颜算法等图形图像功能开发。']","['1、本科及以上学历，计算机、通信等相关专业；', '2、熟悉C++/JAVA/ObjectC其中一种开发语言，具有扎实的编程功底，良好的设计能力和编程习惯；', '3、熟悉Android MediaCodec/iOS AVFoundation框架，了解FFmpeg源码或者WebRtc, 有移动端（Android/iOS）应用开发经验者优先；', '4、熟悉OpenGL，有图形方面开发经验者者优先；', '5、熟悉OpenCV，有图像识别等相关经验者优先; ', '6、积极乐观，责任心强，工作认真细致，具备良好的服务意识，良好的团队沟通与协作能力，具有一定的产品逻辑思维能力者优先。', '7、对多媒体技术开发兴趣浓厚者优先。']",,24040,多媒体,https://job.bytedance.com/job/detail/24040
5b8620a7dcbaa932c529a9c3,引擎开发工程师,深圳,"['1、根据需求实现图形图像引擎的功能模块；', '2、跟美术、策划能进行良好的沟通和配合。']","['1、本科及以上学历，计算机相关专业，本科及以上学历；', '2、有较强的逻辑思维，能独立分析和设计的较复杂的控制逻辑；', '3、有lua编程经验最佳；', '4、熟悉C++，数据结构和算法', '5、熟悉游戏引擎使用、熟悉美术开发工具优先。', '6、较强的自主学习能力，态度积极主动，较强责任心，能够承受工作压力。']",,24035,多媒体,https://job.bytedance.com/job/detail/24035
5b8620a7dcbaa932c529a9c4,Android开发工程师,武汉,"['1、负责产品迭代改进及移动新产品的开发； ', '2、参与 APP 性能、体验优化及质量监控评估体系建设； ', '3、参与客户端基础组件及架构设计, 推进研发效率； ', '4、参与 hybrid 容器搭建，插件、React Native 等动态技术调研。']","['1、本科及以上学历，计算机相关专业；', '2、热爱计算机科学和互联网技术，对移动产品有浓厚兴趣；', '3、扎实的数据结构和算法基础；精通至少一门编程语言，包括但不限于：Java、Objective-C、Swift、C、C++；', '4、关注用户体验，能够积极把技术转化到用户体验改进上；', '5、对新技术保持热情，具备良好的分析、解决问题的能力。']",,23968,客户端,https://job.bytedance.com/job/detail/23968
5b8620a7dcbaa932c529a9c5,Android开发工程师,上海,"['1、负责产品迭代改进及移动新产品的开发； ', '2、参与 APP 性能、体验优化及质量监控评估体系建设； ', '3、参与客户端基础组件及架构设计, 推进研发效率； ', '4、参与 hybrid 容器搭建，插件、React Native 等动态技术调研。']","['1、本科及以上学历，计算机相关专业；', '2、热爱计算机科学和互联网技术，对移动产品有浓厚兴趣；', '3、扎实的数据结构和算法基础；精通至少一门编程语言，包括但不限于：Java、Objective-C、Swift、C、C++；', '4、关注用户体验，能够积极把技术转化到用户体验改进上；', '5、对新技术保持热情，具备良好的分析、解决问题的能力。']",,23965,客户端,https://job.bytedance.com/job/detail/23965
5b8620a7dcbaa932c529a9c6,Android开发工程师,深圳,"['1、负责产品迭代改进及移动新产品的开发； ', '2、参与 APP 性能、体验优化及质量监控评估体系建设； ', '3、参与客户端基础组件及架构设计, 推进研发效率； ', '4、参与 hybrid 容器搭建，插件、React Native 等动态技术调研。']","['1、本科及以上学历，计算机相关专业；', '2、热爱计算机科学和互联网技术，对移动产品有浓厚兴趣；', '3、扎实的数据结构和算法基础；精通至少一门编程语言，包括但不限于：Java、Objective-C、Swift、C、C++；', '4、关注用户体验，能够积极把技术转化到用户体验改进上；', '5、对新技术保持热情，具备良好的分析、解决问题的能力。']",,23964,客户端,https://job.bytedance.com/job/detail/23964
5b8620a7dcbaa932c529a9c7,Android开发工程师,北京,"['1、负责产品迭代改进及移动新产品的开发； ', '2、参与 APP 性能、体验优化及质量监控评估体系建设； ', '3、参与客户端基础组件及架构设计, 推进研发效率； ', '4、参与 hybrid 容器搭建，插件、React Native 等动态技术调研。']","['1、本科及以上学历，计算机相关专业；', '2、热爱计算机科学和互联网技术，对移动产品有浓厚兴趣；', '3、扎实的数据结构和算法基础；精通至少一门编程语言，包括但不限于：Java、Objective-C、Swift、C、C++；', '4、关注用户体验，能够积极把技术转化到用户体验改进上；', '5、对新技术保持热情，具备良好的分析、解决问题的能力。']",,23957,客户端,https://job.bytedance.com/job/detail/23957
